Pen,B Vmin,B Vmax,B VminVmax,Max PLosses,Min PLosses,Energy Losses,Min Fluxo Subestacao
0,0,0,0,176.76235791172167,25.46960130431744,1159.2542170371787,1662.6834076801754
10,0,0,0,175.52986796309327,25.480542534567093,1149.4591365560418,1598.8643605185885
20,0,0,0,170.61334802602354,24.954487683232554,1123.1084475686482,1513.649098407553
30,0,0,0,168.44224823526977,25.53624997495511,1121.7297133530344,1449.806108685054
40,0,0,0,168.290415673998,25.53801427856723,1109.1994777267832,1364.800998763638
50,0,0,0,167.8963302900841,25.543282432043416,1106.2746995713203,875.3201373328345
60,0,0,0,166.41537346528807,25.55748372951876,1101.5935481009046,509.6304988086253
70,0,0,0,159.32659790164502,22.75647707130624,1058.0964436491784,-190.95105448120412
80,0,0,0,156.86753629458053,25.663388837725925,1065.1244973961009,-187.39656216234138
90,0,0,0,161.81932609173566,25.612544222405155,1079.9017179434868,-85.73014439018374
100,0,0,0,160.30342120363966,22.286660415102357,1054.4076611662094,-1617.7985700926456
0,0,0,0,176.76235791172167,25.46960130431744,1159.2542170371787,1662.6834076801754
10,0,0,0,173.63164413383686,25.49271838154669,1140.304688966011,1598.7847081720693
20,0,0,0,174.83063630156443,25.48827925461367,1155.0685340264313,1513.8263102518288
30,0,0,0,171.5946240959759,25.512534465099282,1125.3189496012378,1449.9286596874035
40,0,0,0,169.8834515137056,24.73768499843623,1110.0347772390905,1030.186617275294
50,0,0,0,164.14051610720142,25.57935166803794,1108.0725037301158,1217.5856695127302
60,0,0,0,163.90985514969472,23.265006657364072,1072.6726881620234,38.486462594302765
70,0,0,0,159.00076912537182,22.60573059994119,1062.9153810375212,-101.53411548861838
80,0,0,0,161.68571322800193,25.607020725686017,1088.9276619363816,280.4634079726666
90,0,0,0,157.06427256310482,25.66013459675946,1070.9625702944309,-71.90161577349282
100,0,0,0,154.70864641152343,25.43333976469339,1098.1841624470608,-199.81904540815844
0,0,0,0,176.76235791172167,25.46960130431744,1159.2542170371787,1662.6834076801754
10,0,0,0,174.75262623769143,25.485921468959273,1150.5949873660038,1598.8287191936824
20,0,0,0,170.63459514778782,25.5186315529025,1129.512097208455,1513.6437736793073
30,0,0,0,173.803342151238,25.491992127050295,1130.348387750272,1450.0391708531467
40,0,0,0,165.98121646932051,24.097661714619232,1097.945240897331,1023.130570084021
50,0,0,0,168.4246099575865,25.541440124281717,1108.0350389676576,913.0043998366672
60,0,0,0,169.63047498507228,25.5321280315465,1094.8664240991423,502.1110719726414
70,0,0,0,157.63659917918216,25.65193338219869,1096.2233448989289,566.8458696552534
80,0,0,0,158.6454972617583,25.645242549852632,1085.3929199081008,368.9101076442471
90,0,0,0,159.3762385632657,22.693936340584493,1052.140992231321,-1011.8823407377608
100,0,0,0,162.43259583545876,25.60468387308029,1069.8093724057076,-827.9314823098774
0,0,0,0,176.76235791172167,25.46960130431744,1159.2542170371787,1662.6834076801754
10,0,0,0,174.66865116598512,25.48539711195863,1147.3373086194176,1598.8287344039782
20,0,0,0,172.26313390711627,25.136535596222615,1122.483954350632,1513.7157295521022
30,0,0,0,171.03560209415573,25.51496111707389,1123.964365201313,1449.9119760142264
40,0,0,0,169.20317552127963,25.277988696974333,1123.0859713542777,1020.1962825958054
50,0,0,0,168.18387017670054,24.49938940412946,1112.2905824157572,475.8517902060063
60,0,0,0,164.58295583216042,22.617284250430934,1072.3931219440763,302.26164492290604
70,0,0,0,167.69575718825823,25.547419376024152,1089.5082580262322,129.8985043525989
80,0,0,0,157.8112764365755,25.649059345899243,1077.327806734363,225.72219822077838
90,0,0,0,159.5220150939338,22.590605941407055,1052.0614065354662,-1262.6299525110476
100,0,0,0,158.08666453938744,25.649245208001346,1055.4677973659254,-935.0773100842487
0,0,0,0,176.76235791172167,25.46960130431744,1159.2542170371787,1662.6834076801754
10,0,0,0,174.81699946852902,25.485937338005602,1142.3809591058048,1598.830920303269
20,0,0,0,171.56944902460825,25.125713663066314,1128.5228720981888,1513.680703226393
30,0,0,0,168.23509317363462,24.546686715293166,1101.4243564083508,1438.2580389342702
40,0,0,0,165.13517288664477,24.112194149938453,1086.6989991391688,1013.4271818947681
50,0,0,0,167.0008310342852,24.724125988567387,1116.3438438771786,753.7305265205057
60,0,0,0,161.40945657117095,25.60743955030116,1100.7293931751253,869.0152818954249
70,0,0,0,159.53151770424728,25.634047539532215,1072.685393721017,149.13491812088301
80,0,0,0,156.17895146453475,25.671849060244163,1075.1299865057654,375.28600120208984
90,0,0,0,158.67709362178,22.596058307357204,1051.4726378386285,-1256.0763632131568
100,0,0,0,156.0124102724235,22.464463859789277,1051.4393978906314,-1696.2848901218633
0,0,0,0,176.76235791172167,25.46960130431744,1159.2542170371787,1662.6834076801754
10,0,0,0,173.85055900198023,25.491649341087133,1141.512441313831,1598.7908105812755
20,0,0,0,172.00139070974726,25.50770318480224,1139.7335488956849,1513.7019328662072
30,0,0,0,168.82782132671377,25.5318445738876,1121.9282594863935,1449.8310156120654
40,0,0,0,167.22077280513156,25.55032197835411,1105.223757946804,1264.9462309304154
50,0,0,0,164.25446786395165,23.294413834752515,1076.740867308611,621.9294589517015
60,0,0,0,163.80221117821426,23.109717550911295,1079.6715178414374,300.6365676609359
70,0,0,0,166.71043531549208,25.5521828689743,1094.6813022604367,178.4633702152461
80,0,0,0,158.57578477463093,22.383302767987022,1056.754753637514,-475.5830477707562
90,0,0,0,158.05140993140927,22.262311434195205,1044.9266517664007,-1176.51802427206
100,0,0,0,156.47485707942056,25.646172938018605,1068.1579246170238,-321.5060425397474
0,0,0,0,176.76235791172167,25.46960130431744,1159.2542170371787,1662.6834076801754
10,0,0,0,176.76234166063222,25.469601292875964,1156.626308791069,1598.92968602736
20,0,0,0,170.65635973016015,25.51624855273111,1132.8315620110106,1513.6554111270225
30,0,0,0,168.54362215353456,24.341122203115077,1110.5146509284225,1449.8091565547404
40,0,0,0,166.3493705336332,24.328321709923298,1105.0001593396635,1145.8381333816128
50,0,0,0,168.23706454150914,23.108106390262126,1082.8976257939594,507.6021702063433
60,0,0,0,162.58943863728672,25.59875613680681,1091.1439273575445,554.3143398012849
70,0,0,0,165.6623726642275,25.569418822758124,1082.211302088068,206.5573420808334
80,0,0,0,162.29583410950553,25.605293398620464,1071.6695903133718,-172.76134180528084
90,0,0,0,159.0994789171108,22.785069958938642,1049.2531661850455,-1010.8769364523047
100,0,0,0,155.75594548853834,25.459537730349133,1053.0277352771361,-873.4027018301185
0,0,0,0,176.76235791172167,25.46960130431744,1159.2542170371787,1662.6834076801754
10,0,0,0,173.87055125006341,25.49154429242813,1139.7475631033276,1598.792729758292
20,0,0,0,172.1999195842213,25.405698079837748,1132.0285120267665,1513.7132842444134
30,0,0,0,168.8984007160764,25.531340043604818,1119.0586131695684,1449.829566176919
40,0,0,0,166.52156234951897,23.783091488512753,1096.459807793103,1089.2337844442634
50,0,0,0,164.4654856104085,25.578631250785136,1099.5046556094069,1135.368328528757
60,0,0,0,163.47148385994203,23.46877359562669,1081.9591776984846,193.87681665510715
70,0,0,0,164.28806882351836,25.57597253128672,1076.8091943445831,216.9819710636264
80,0,0,0,156.4880479759569,22.941960468390228,1067.3095566813652,-369.240742048451
90,0,0,0,165.46267295280646,25.58181556181905,1087.1227428924356,-18.477807411527493
100,0,0,0,154.28003564676357,22.132559730972368,1037.1268207257779,-1410.5638896946327
0,0,0,0,176.76235791172167,25.46960130431744,1159.2542170371787,1662.6834076801754
10,0,0,0,173.8222688128591,25.491773018937252,1142.6418359933919,1598.7900538625934
20,0,0,0,172.22041435424924,25.506900764090133,1127.7356957052298,1513.7086244209945
30,0,0,0,171.63050192004226,24.43131977439476,1115.2356449364954,1449.9301962032891
40,0,0,0,167.46752258453415,25.546987793422144,1105.9268644065642,1223.8272495037588
50,0,0,0,165.18853516623912,23.738758438279735,1078.2941269447156,616.8728209272898
60,0,0,0,170.44504943915084,25.521320267457728,1110.0662679243671,930.5331449477175
70,0,0,0,166.0845375616525,25.558573673211605,1090.877253180441,214.41518226875183
80,0,0,0,157.40301186329026,25.656598432762138,1086.3176515312784,371.178116081511
90,0,0,0,154.57376774873654,25.507518000967547,1065.1550765054048,-473.0506743957661
100,0,0,0,158.68055063981362,21.91010195784476,1039.8091853306678,-1607.2430100594008
0,0,0,0,176.76235791172167,25.46960130431744,1159.2542170371787,1662.6834076801754
10,0,0,0,173.73992425090418,25.492149203336485,1141.6207794968898,1598.7875439417805
20,0,0,0,171.2038842671693,25.104399621196563,1120.223785675674,1513.6659525638554
30,0,0,0,169.43857014341486,24.994529224594423,1122.8390615817766,1449.8450630944267
40,0,0,0,170.59508143818115,25.51878939007708,1118.153892114974,1364.892970418335
50,0,0,0,161.28712033175688,25.605668310368003,1101.223983540536,1213.192692234552
60,0,0,0,164.016561118462,23.69355448250307,1076.9662848016765,206.8449324275072
70,0,0,0,159.55816269097713,25.63190343786239,1090.1744496400788,574.6438480337443
80,0,0,0,160.66406682982364,25.623691955628367,1089.5336727600904,219.37324599718332
90,0,0,0,156.15266425896934,22.40418719855568,1047.3996713697784,-1179.5056022135238
100,0,0,0,156.36190362746902,25.552342360372133,1068.6935430321053,-897.8512513682984
0,0,0,0,176.76235791172167,25.46960130431744,1159.2542170371787,1662.6834076801754
10,0,0,0,174.22224392723462,25.489259187327626,1143.4691986237153,1598.806396198521
20,0,0,0,173.05631355963888,25.19742499953442,1131.2891490492925,1513.7459686959612
30,0,0,0,172.1996759656367,25.504980922335104,1121.0578840870794,1449.9646031868285
40,0,0,0,168.7924469382633,25.538358413440864,1117.2174107704402,1364.8046297049086
50,0,0,0,164.19212373709212,25.578137460097714,1088.3753122930148,873.0030618552215
60,0,0,0,161.66692148534963,23.267040058317694,1070.6937113056852,49.71268690504821
70,0,0,0,159.4352119983714,25.628466729880422,1088.6429544051202,648.0989901914126
80,0,0,0,159.99571499619321,25.637377999186,1076.734805737801,-214.92808896330436
90,0,0,0,157.20334097548673,25.663031130014716,1081.3226791155225,-31.242544981617
100,0,0,0,155.0480443820535,25.396436702040273,1058.584905433471,-881.0431513062318
0,0,0,0,176.76235791172167,25.46960130431744,1159.2542170371787,1662.6834076801754
10,0,0,0,175.71576063387596,25.477410219032137,1146.3039428788754,1598.8788905481354
20,0,0,0,176.58623298966663,25.41371149245964,1137.7947911749577,1513.9202789418587
30,0,0,0,170.02756475568546,25.5238617808808,1122.0593750348717,1449.8654805820315
40,0,0,0,163.94542758846873,25.579214754933933,1097.2011310817343,1240.4109107306328
50,0,0,0,166.6997373759734,23.679988242799343,1092.6609075616936,747.6855151321259
60,0,0,0,162.95498888010374,23.169886061843357,1072.9614858752664,211.6609203307589
70,0,0,0,160.05837671877595,25.626462975718155,1101.85361565104,657.3995989050221
80,0,0,0,160.44397306280513,22.506772798440938,1059.861278805206,-770.1158775519079
90,0,0,0,161.3122848144582,25.608688288990066,1071.1653957174583,-526.1471761790589
100,0,0,0,155.85558925226994,23.089310837209894,1060.1799851307348,-1396.6644289594294
0,0,0,0,176.76235791172167,25.46960130431744,1159.2542170371787,1662.6834076801754
10,0,0,0,175.7304604707546,25.477271301696106,1152.3291111294636,1598.8796013162555
20,0,0,0,170.3449761200289,25.52014108972034,1128.8975653636282,1513.6354870757436
30,0,0,0,171.29706691407063,24.462680315760313,1114.6283299220395,1414.9284929986504
40,0,0,0,165.7007553382438,25.562920936141303,1112.6392414723719,1364.6959575951335
50,0,0,0,165.28747796484797,25.567184381718302,1088.1706490826612,917.0167862382173
60,0,0,0,160.12595945627453,22.858104889540662,1064.2674478102685,391.2956418079263
70,0,0,0,162.9269255256608,22.97982470618266,1072.0426872444236,-5.271093377625847
80,0,0,0,157.52476692323592,25.662209405660636,1067.139417321625,-120.40073874547917
90,0,0,0,157.6834929588881,25.65350667717818,1077.7815932403948,-25.88184790224553
100,0,0,0,156.5299357193309,22.078502866218198,1036.7265972372782,-1421.6905577226378
0,0,0,0,176.76235791172167,25.46960130431744,1159.2542170371787,1662.6834076801754
10,0,0,0,175.74969785313957,25.477038067532877,1149.3579339590653,1598.8811810270563
20,0,0,0,171.38900807176583,25.512404671207026,1129.7586637104762,1513.6752970090251
30,0,0,0,168.3849687408659,25.53746224774522,1116.5577778057075,1449.7997293439973
40,0,0,0,167.73453328669953,25.544447920676923,1117.7108279143042,1364.7719040073928
50,0,0,0,163.8951659528958,23.10019214300721,1075.0752242151025,518.3010700959159
60,0,0,0,163.47181793766742,25.583276803564786,1083.374605620609,531.5874755295837
70,0,0,0,162.65607045344362,22.94856804724504,1062.0790388236983,-386.25493185444657
80,0,0,0,160.89117268841318,25.62115113270301,1076.7735508121245,-223.58117288220882
90,0,0,0,161.87030882745378,23.07074356765849,1074.0327683479977,-752.6739479883972
100,0,0,0,157.90184564008567,22.269980784746128,1046.9131090736284,-1120.99553802413
0,0,0,0,176.76235791172167,25.46960130431744,1159.2542170371787,1662.6834076801754
10,0,0,0,176.76234249964784,25.469601292875964,1150.7330019018425,1598.9297020514398
20,0,0,0,171.70561911490196,25.128826434198476,1121.2396134400535,1513.6923997702104
30,0,0,0,168.80586540291426,24.456784457152146,1108.3909406698883,1435.5023773378841
40,0,0,0,167.5357927724455,25.546444561153198,1107.9635743862946,1218.8483515846508
50,0,0,0,164.11597398547252,24.507634849311202,1108.769093709103,759.9416538668005
60,0,0,0,163.82859597401787,23.479960777475558,1084.8879705461213,366.7021428694974
70,0,0,0,162.82235527020651,25.595565684370712,1077.0943116710964,173.69239798534534
80,0,0,0,160.72553437542152,25.62371293439445,1090.0136287364498,219.35597243707033
90,0,0,0,157.49850360915295,22.293871140832824,1042.648887936448,-1250.7170515085872
100,0,0,0,157.0814787939004,25.66092338569049,1074.0023898240806,-386.2079343726271
0,0,0,0,176.76235791172167,25.46960130431744,1159.2542170371787,1662.6834076801754
10,0,0,0,173.80561416251405,25.491813875873586,1146.0728332296173,1598.7894385578327
20,0,0,0,174.69454828116326,25.48478600690508,1150.1662184002319,1513.8318445498403
30,0,0,0,169.55511306727882,25.085896418007,1125.482286007257,1449.847223232846
40,0,0,0,165.58503361382571,25.563963262515134,1101.7261635646246,1258.9788577742597
50,0,0,0,164.61337190464147,25.575511540584085,1088.9354077469538,866.8645853966748
60,0,0,0,165.83611983717108,22.929231058909327,1079.7498969596463,300.8974548151642
70,0,0,0,162.21725595788672,22.616859405600817,1058.9213587479799,-212.51391659244348
80,0,0,0,161.3398619032665,25.617344298631867,1077.097732172967,-183.26097853293754
90,0,0,0,162.46699355448155,22.404176625387944,1053.4226063071928,-1270.3121664397493
100,0,0,0,153.85163229200546,22.14057006886011,1044.1566270032356,-1121.6125418537183
0,0,0,0,176.76235791172167,25.46960130431744,1159.2542170371787,1662.6834076801754
10,0,0,0,175.59708717326797,25.478078936491098,1150.122483777362,1598.8742248377166
20,0,0,0,173.77783406865197,24.74008075997795,1123.310040591075,1513.782450005894
30,0,0,0,169.24236073221942,24.726969622157007,1120.191597402973,1449.8301025999422
40,0,0,0,165.33987209100826,25.56522616606821,1098.811924700694,1227.724585687904
50,0,0,0,161.54004190320342,25.60362983614199,1093.0938365373395,898.6099557633413
60,0,0,0,161.37384396001755,23.10638637757779,1074.9880083961643,103.4057038647956
70,0,0,0,161.91417626579351,25.601654454457442,1079.2258269526603,203.4805696705458
80,0,0,0,163.59007046116685,25.586674209591504,1070.9286468915284,-203.8631357472552
90,0,0,0,163.20321699078858,22.765781531582775,1064.3315677600597,-1022.16198281105
100,0,0,0,155.3307382323571,22.562428447108985,1063.4853403127956,-1117.1065186553674
0,0,0,0,176.76235791172167,25.46960130431744,1159.2542170371787,1662.6834076801754
10,0,0,0,174.23190768965526,25.48929499366387,1142.4520145476502,1598.8063590644035
20,0,0,0,172.1157528602228,24.87562943225568,1120.4423221302898,1513.7025102193388
30,0,0,0,169.9307901000146,24.769799810592232,1121.6753674078236,1449.8543879127274
40,0,0,0,169.76907232632703,24.50904625257365,1103.954788965703,1026.740924367404
50,0,0,0,164.22531711842552,25.579339309756296,1098.6483809593956,1170.73548104947
60,0,0,0,165.60487364067544,25.571526352085968,1101.099023093904,548.2876187668065
70,0,0,0,161.4694826191546,25.60807626630347,1092.4795391492873,129.45453270801013
80,0,0,0,160.94194184883938,25.621547860382247,1088.837865030094,230.00399032719358
90,0,0,0,158.02626076281223,22.114368091461177,1044.4983758921271,-1165.9316644507312
100,0,0,0,156.00343842335639,25.476106697860537,1076.3231631032174,-314.8545999154557
0,0,0,0,176.76235791172167,25.46960130431744,1159.2542170371787,1662.6834076801754
10,0,0,0,174.77630808045302,25.484464067680726,1149.2723324740791,1598.8345091922715
20,0,0,0,173.50642708235,25.208923315318295,1129.9362577951217,1513.774079160047
30,0,0,0,171.86173492849227,25.509008635340322,1139.9433237716858,1449.9470461837172
40,0,0,0,166.4628958099428,24.665826332767132,1103.4945020260004,1023.5738116962226
50,0,0,0,166.18546441175118,25.55725657582569,1125.1523737253422,916.5095339277777
60,0,0,0,164.4439650713027,24.34559298699019,1106.1975128760507,379.071578769236
70,0,0,0,161.38320212849953,23.827742997703503,1078.2177757423458,-184.33456862047174
80,0,0,0,162.14882955914126,23.155309504385578,1074.706352930804,-617.8541949147325
90,0,0,0,155.62724192849666,22.470143529844822,1056.1177622276,-744.052328030848
100,0,0,0,153.39430718828717,25.335675190858943,1059.9006617301582,-918.1579486468665
0,0,0,0,176.76235791172167,25.46960130431744,1159.2542170371787,1662.6834076801754
10,0,0,0,174.36739711907902,25.48862771697082,1141.9590657712329,1598.811214890977
20,0,0,0,170.17970930452267,24.90648298079309,1121.3751753140743,1513.6278706671608
30,0,0,0,172.73228532621602,25.50018703931847,1124.2891533493982,1449.9911152096188
40,0,0,0,168.34312576072546,25.53893511998918,1099.013032344116,1215.3046461337908
50,0,0,0,166.4243058552433,25.563804785688294,1092.9566131691913,864.9173793007778
60,0,0,0,167.87330967602074,25.547400970515692,1120.8143287564724,827.7507651123714
70,0,0,0,160.51399609458153,22.929263497012634,1069.6958924031942,-324.270429797314
80,0,0,0,159.19334482248826,25.63214977118773,1079.0213679060798,371.5919120947881
90,0,0,0,159.6281070830052,25.626538713215147,1082.0327859387735,91.04220131815346
100,0,0,0,159.16358077944935,25.641083313434123,1071.3809283159997,-315.21718267464706
0,0,0,0,176.76235791172167,25.46960130431744,1159.2542170371787,1662.6834076801754
10,0,0,0,174.23898196985178,25.489483994352952,1145.0000650361985,1598.805919379702
20,0,0,0,172.0226776228294,25.509768573672652,1129.4441078218306,1513.6988986428746
30,0,0,0,168.0720467901961,24.08132911679586,1104.0650510561898,1449.7922817096971
40,0,0,0,165.84574709519333,25.561588067049883,1110.3491777530494,1364.7010437218016
50,0,0,0,165.85306974705188,25.566524423528943,1110.9353747220373,1222.3522974523557
60,0,0,0,169.83459840393417,23.479273951910365,1091.6631726968321,197.46148295002413
70,0,0,0,161.85318154047923,23.380726732213795,1067.4087000929223,-207.1059266373053
80,0,0,0,158.50819372691686,25.64490546355926,1089.93553069941,275.6686635301638
90,0,0,0,160.80207980061695,25.618045983516303,1065.447738410298,-539.9674465288293
100,0,0,0,157.293109473993,22.555988102127554,1059.4309239815057,-1130.8862744067392
0,0,0,0,176.76235791172167,25.46960130431744,1159.2542170371787,1662.6834076801754
10,0,0,0,175.6757645951228,25.477386786995993,1146.9585409543013,1598.8783090463342
20,0,0,0,172.7092443815674,24.733661238315037,1122.5375157683484,1513.7341625940044
30,0,0,0,173.18221979114458,25.498544872654037,1130.7132693050658,1450.005395602828
40,0,0,0,169.96949819397318,25.524683226515084,1120.118374872911,1364.8640522131918
50,0,0,0,165.11505293933354,25.573798427050576,1108.620969940593,858.4856354350769
60,0,0,0,162.98671385800452,22.88924581267462,1075.2379119595162,301.0634606799712
70,0,0,0,162.02789056903245,25.599431685551565,1095.8090709730714,516.7999630503418
80,0,0,0,157.03542176117563,22.272379512464365,1042.6427514878403,-591.2601454875432
90,0,0,0,157.93012316537784,25.651565301236158,1097.3893664279688,87.56631547987561
100,0,0,0,156.9140582619479,25.668472321187327,1053.6159882471836,-923.7703706905153
0,0,0,0,176.76235791172167,25.46960130431744,1159.2542170371787,1662.6834076801754
10,0,0,0,175.84604944129904,25.477872739806912,1150.2394397739365,1598.8803887548881
20,0,0,0,171.04459771231717,25.514221114345986,1136.6737763892934,1513.6707729738666
30,0,0,0,172.65558155450847,24.257097673569486,1116.1596362455832,1449.9786195676018
40,0,0,0,167.17840475584032,25.548379382070713,1109.82011285173,1364.754268664895
50,0,0,0,167.41397399153414,23.471621961750362,1093.046249774215,685.5379733272263
60,0,0,0,161.1223569018799,22.795067534893853,1068.61321405499,103.6212038413841
70,0,0,0,160.25710121319187,25.621942589376637,1089.4808718811403,645.8438560873172
80,0,0,0,160.67109390318822,25.621969786461133,1090.482401251509,272.94790621447487
90,0,0,0,156.23793327300697,25.669890861978455,1059.7120074995928,-535.3167339784128
100,0,0,0,157.3937867754925,25.662503530964734,1067.3509599632298,-306.1522377588458
0,0,0,0,176.76235791172167,25.46960130431744,1159.2542170371787,1662.6834076801754
10,0,0,0,174.30970677888845,25.488923079209037,1144.1509550798994,1598.8090128110866
20,0,0,0,170.82456245821396,24.891252487460715,1124.5706884216083,1513.6552674828376
30,0,0,0,171.04277367699578,25.518861684671624,1127.2142971708163,1449.9023905288905
40,0,0,0,167.70899048392974,23.94278253935852,1098.9378796998385,930.8741604288412
50,0,0,0,162.70943401718844,24.348365999618533,1105.1941252839392,600.609478385971
60,0,0,0,163.900178062074,25.58685875149935,1078.8410351962073,508.2616256509265
70,0,0,0,159.00211489668183,25.634994181529006,1075.903614761124,137.03372326216078
80,0,0,0,159.9430241236606,25.627450381660164,1083.9185443363922,278.7644095135765
90,0,0,0,161.87937678044347,21.940202295377453,1048.0881039020207,-1184.9989476862918
100,0,0,0,159.57884353045688,22.49824231838131,1055.3293710123808,-1423.1173080511699
0,0,0,0,176.76235791172167,25.46960130431744,1159.2542170371787,1662.6834076801754
10,0,0,0,174.6231651925099,25.48685018491101,1146.9614658785117,1598.8233450701357
20,0,0,0,174.34693504172557,25.225192569891973,1129.430929342577,1513.80582755931
30,0,0,0,167.99629634649423,25.540880628513364,1113.7693980870838,1449.7854988716535
40,0,0,0,170.0779068097784,25.523151844622458,1124.9942594357851,1364.8691614604081
50,0,0,0,167.57379042661947,23.642827235531534,1094.3501502682664,689.3956051832649
60,0,0,0,163.93531766773748,25.580581988975386,1097.187005016371,822.8642171651383
70,0,0,0,160.4800486701063,23.560455493434688,1083.8177956045024,-2.800005318517899
80,0,0,0,163.0929706607307,23.03877972052398,1060.760514204214,-591.0742941066129
90,0,0,0,158.4259591168827,22.55379345689439,1060.6744421770145,-747.7193174478905
100,0,0,0,161.77548608859968,25.613231267851138,1085.822447044557,-324.1552543353246
0,0,0,0,176.76235791172167,25.46960130431744,1159.2542170371787,1662.6834076801754
10,0,0,0,173.67766209183523,25.492490953783076,1143.67405436401,1598.7847395925794
20,0,0,0,172.73431571624062,25.283189363715596,1134.641392005774,1513.7351444876272
30,0,0,0,170.18409521501343,24.066747349937074,1108.0403422616457,1449.8684987967065
40,0,0,0,165.41991870239116,23.779850828611394,1090.9979774537853,1146.120935057167
50,0,0,0,165.15624364233366,25.56985035327102,1111.1758875624434,1127.642706831185
60,0,0,0,160.92017143837987,25.61106496662581,1094.1941394612843,864.2057678169707
70,0,0,0,160.47768523470128,23.72926404265313,1076.6660074974209,-208.05790230272333
80,0,0,0,157.7972875939297,22.679060815396397,1056.844926474514,-605.6588593032842
90,0,0,0,159.6568952763815,22.338418050495275,1048.6144744605497,-1019.4031017067675
100,0,0,0,156.64149082208016,25.634992386128374,1073.703268141353,-306.8287485898706
0,0,0,0,176.76235791172167,25.46960130431744,1159.2542170371787,1662.6834076801754
10,0,0,0,175.5343295263325,25.478835925109237,1149.1226952071622,1598.869859888538
20,0,0,0,171.2162273568249,25.512611415996023,1135.8919855474069,1513.6814676811962
30,0,0,0,173.95081916638347,25.494596103425998,1128.936499386399,1450.035223105809
40,0,0,0,173.01678862583518,25.499863067898364,1114.8294498802259,1239.5583376834518
50,0,0,0,167.5497107592452,23.9686729252243,1088.4842365411268,609.0947731683029
60,0,0,0,163.42424806614528,25.584177921708555,1090.0477224375832,872.2147340094075
70,0,0,0,163.1716448645671,25.593106446205677,1107.536405034102,129.32319114779233
80,0,0,0,161.71069976466015,25.60415908156734,1085.9041316136127,216.93318511306478
90,0,0,0,159.1234706528002,22.52237106047234,1054.1768825730182,-1007.1682673996412
100,0,0,0,155.110609077128,25.50935032373671,1080.2444902219315,-386.6836437446591
0,0,0,0,176.76235791172167,25.46960130431744,1159.2542170371787,1662.6834076801754
10,0,0,0,174.70007933730767,25.48505188622338,1148.7578218738238,1598.8319023237289
20,0,0,0,172.98108217331722,25.498678919016818,1128.5592476833808,1513.7503007855214
30,0,0,0,170.13441380572436,25.5216974730605,1126.541806444926,1449.878168901515
40,0,0,0,164.71593906781948,23.484450984971787,1088.057023841613,1082.7985637489478
50,0,0,0,163.27876651767565,25.58976653414785,1085.1587925734705,853.653810656168
60,0,0,0,164.9812898633252,23.259491042529632,1085.6626654358322,283.9311957844519
70,0,0,0,160.34466295508537,25.619492160827235,1080.7139948308493,175.9867623815708
80,0,0,0,166.83988395529596,22.500236036509126,1072.0042703079832,-761.7059744506143
90,0,0,0,159.305263147932,25.638875736821277,1088.4270295558513,-21.303965211812393
100,0,0,0,156.9798867311912,25.61300757600129,1076.398297092594,-375.97937924014826
0,0,0,0,176.76235791172167,25.46960130431744,1159.2542170371787,1662.6834076801754
10,0,0,0,173.77318067999394,25.37322538831907,1135.2910121033237,1598.7882792073328
20,0,0,0,171.80210750569356,25.50734098660937,1128.8415045628933,1513.7001993053657
30,0,0,0,168.1751924804216,25.539947053200326,1126.570690085618,1449.7902966757858
40,0,0,0,164.73458824790654,25.56928763657617,1105.5974975124752,1364.6738925382385
50,0,0,0,167.98813446668302,24.49300742636363,1101.317985359422,611.9969875269602
60,0,0,0,163.05198562884533,25.590489171952655,1098.1141785721807,568.5875001947891
70,0,0,0,163.21628612899056,22.978772647747885,1075.2701470814936,-85.90225051826778
80,0,0,0,160.45846943353544,25.62404641696999,1088.1873217672467,219.59987032153026
90,0,0,0,161.7556106421729,23.441909675676914,1070.2178680391296,-1010.4538278439296
100,0,0,0,162.22638333670588,25.606372894435104,1075.0357618547596,-832.3078758083716
0,0,0,0,176.76235791172167,25.46960130431744,1159.2542170371787,1662.6834076801754
10,0,0,0,175.5386215051195,25.478952947396415,1148.219329083813,1598.8697762065976
20,0,0,0,171.30305742311012,24.63592877054623,1117.818704484903,1513.6773656541388
30,0,0,0,168.4403431382113,25.536369074825608,1112.1096050122553,1449.8061817128594
40,0,0,0,168.40646978700508,23.85989045102784,1092.8584873036355,912.9946015125178
50,0,0,0,164.51226299021283,25.576724070630036,1096.95596290732,913.1462983715306
60,0,0,0,162.42831988537793,25.59684910697276,1100.920135719989,568.5571849284157
70,0,0,0,160.13677476892633,25.6238091440404,1074.2014483263374,171.3679310704903
80,0,0,0,162.84914144104195,22.35735465755685,1060.465919132666,-491.8926007845017
90,0,0,0,159.28362412672683,25.644362134489445,1091.5701147903478,-76.52211635933176
100,0,0,0,154.58200259357184,22.459274215274146,1043.4483372850307,-1405.4964828364189
0,0,0,0,176.76235791172167,25.46960130431744,1159.2542170371787,1662.6834076801754
10,0,0,0,176.00400559293172,25.475672222439098,1153.6451725074853,1598.8911951938517
20,0,0,0,170.5193137603329,25.51769029877825,1134.8821625443713,1513.652593769249
30,0,0,0,172.45005979363236,25.507015241445238,1131.629321276678,1449.964202419365
40,0,0,0,164.9678685451624,25.568988861218674,1109.6638542865678,1364.6698760644817
50,0,0,0,163.62405703144736,24.18175459186996,1090.9402354336123,606.0199642957805
60,0,0,0,165.9798455072935,23.055551330592586,1080.3735829819734,99.79204411091983
70,0,0,0,161.82176829858136,22.82945371528199,1065.1404782645056,-213.82830182884206
80,0,0,0,160.96080014374385,22.754921599069537,1068.9419887730646,-481.05613149553795
90,0,0,0,155.2713369972801,25.61767563945128,1086.9695649341968,79.06213537002962
100,0,0,0,160.06187530277032,22.253286981911486,1055.533319229476,-1276.643118661971
0,0,0,0,176.76235791172167,25.46960130431744,1159.2542170371787,1662.6834076801754
10,0,0,0,173.80310254456248,25.491863164159838,1141.6443069245324,1598.7890780652426
20,0,0,0,171.53708765200105,25.245724258149917,1132.6350015806818,1513.6881438341522
30,0,0,0,172.7949806767425,25.503285763405167,1140.791444613584,1449.9834550334149
40,0,0,0,171.20089605104468,25.517674297212643,1118.136446305459,1364.911638799655
50,0,0,0,163.21587730485044,25.589326209395534,1101.6699105127238,1215.1386168458191
60,0,0,0,164.50967494426195,22.938815077296514,1070.4717997624864,211.91337515718118
70,0,0,0,167.4397856672084,25.555773279592543,1098.6638470262087,519.0726713387456
80,0,0,0,159.15295354026077,22.973818658189465,1056.0701459923723,-601.034045042699
90,0,0,0,163.94878164474483,22.51149791337772,1058.5161827833224,-1274.6672218233148
100,0,0,0,154.92929981516374,22.275857708334836,1044.3879695760768,-1420.1189539564662
0,0,0,0,176.76235791172167,25.46960130431744,1159.2542170371787,1662.6834076801754
10,0,0,0,173.68400805250477,25.492533641677504,1141.4817258395985,1598.7846461431309
20,0,0,0,173.37808295691516,24.7355553201529,1123.8083162957062,1513.7663672102217
30,0,0,0,168.00630638892434,24.358349413611446,1105.6273496310785,1432.0021755951857
40,0,0,0,168.2417893455557,25.54366560040746,1121.5274765985525,1364.7873748108857
50,0,0,0,166.50279894811402,25.555831626201797,1118.1594052542962,1224.861645455202
60,0,0,0,166.24980643580076,22.810250409682173,1073.3614084070184,103.77523250030471
70,0,0,0,159.77892016665297,25.629629075695842,1091.5588873778038,655.1326625975543
80,0,0,0,159.55422161133103,22.66942640408961,1054.3165637316135,-831.1819556872575
90,0,0,0,159.9875761014295,25.62695747075591,1080.6804855433686,-77.88460166787331
100,0,0,0,154.2519862195213,22.074046680193078,1037.8464664469927,-1601.5939254647144
0,0,0,0,176.76235791172167,25.46960130431744,1159.2542170371787,1662.6834076801754
10,0,0,0,173.5875110306826,25.493022618130286,1141.079229671553,1598.7836572724925
20,0,0,0,172.6802312603625,25.08097700941739,1122.041111217143,1513.7338657170521
30,0,0,0,168.46870645787496,25.53795119917924,1114.9769190881486,1449.8016932996989
40,0,0,0,169.3420335188437,24.2043619372813,1104.5726110205192,1012.8229289968755
50,0,0,0,166.9999433553084,24.24893859475781,1104.8657782859948,756.6987917916176
60,0,0,0,161.0046056680189,25.608894684729528,1102.8663640439977,866.6544935571462
70,0,0,0,159.93462904297095,25.624845557603617,1065.3496929556093,154.0965138720169
80,0,0,0,159.4903565596007,25.633943897074708,1085.0539395139397,276.02462154766596
90,0,0,0,160.92517162474374,25.61253859718269,1076.5836372408196,-583.6516602858843
100,0,0,0,157.51945968804404,25.637491449595057,1072.5706730993468,-322.0674212946865
0,0,0,0,176.76235791172167,25.46960130431744,1159.2542170371787,1662.6834076801754
10,0,0,0,174.7150268837903,25.48471599329523,1143.11677718809,1598.8321057185633
20,0,0,0,175.05741643957904,25.483077319372466,1150.502383142958,1513.8450088632135
30,0,0,0,168.47755276422737,24.232867605454853,1103.7465447563802,1432.0132356471522
40,0,0,0,166.53653528423715,23.825995336771804,1095.7037667115007,934.6500607931027
50,0,0,0,162.00258881227293,23.98424471816761,1081.9453485996512,605.5476391684776
60,0,0,0,165.50517288841925,23.577522651401466,1081.831396274147,23.238554744480673
70,0,0,0,159.29163720460795,25.63429289360602,1090.4603698264268,572.2440463038762
80,0,0,0,161.789944588223,25.609872987361843,1099.1665498596042,360.79677695969445
90,0,0,0,169.31844926903216,25.53840427979765,1106.1231741045513,-27.25155044514533
100,0,0,0,160.9071307720695,25.622526181978102,1076.8395981703147,-887.860389983429
0,0,0,0,176.76235791172167,25.46960130431744,1159.2542170371787,1662.6834076801754
10,0,0,0,174.2329741821387,25.48866745668424,1144.7139754596415,1598.8091367867762
20,0,0,0,173.903836077964,25.492293015216493,1132.6374115948788,1513.7908799008924
30,0,0,0,170.8030829586608,25.52254819845459,1124.0418241056116,1449.8891059661917
40,0,0,0,166.9550344383922,25.549368493152848,1119.1984282411768,1364.751539726089
50,0,0,0,163.71866493395768,23.96659504702471,1088.7933848800585,487.1019611659639
60,0,0,0,165.27039940727948,22.89044050341177,1067.013033677579,25.044751347218817
70,0,0,0,159.8468409347816,25.624151433644293,1104.8791463111302,645.2141110751088
80,0,0,0,161.54459343747905,25.612608088047644,1068.267173394935,-213.584681050197
90,0,0,0,161.09888227685704,22.5403196621213,1063.3044885467855,-741.913924060328
100,0,0,0,158.36514828155634,25.65287619354952,1055.8362950424078,-920.6045863407182
0,0,0,0,176.76235791172167,25.46960130431744,1159.2542170371787,1662.6834076801754
10,0,0,0,176.27028468708014,25.474180489182523,1152.1423997450786,1598.9024154573392
20,0,0,0,170.76420654328052,25.51787526149277,1127.0448985990297,1513.655228859217
30,0,0,0,168.28408219122835,25.537762754031846,1120.7848978517122,1449.8047586902906
40,0,0,0,167.24344037878566,23.817981219441098,1089.3082907945934,916.7401132411729
50,0,0,0,162.62603136248373,25.593216448796156,1094.3964967226443,1122.8120468419304
60,0,0,0,166.73967117751454,25.558497147280534,1090.8488871127238,516.3030724081423
70,0,0,0,159.39895236128865,22.594109722888543,1051.5969931936459,-406.51276785941036
80,0,0,0,160.38321765070884,25.617476142150917,1085.4429865547863,214.61737863808352
90,0,0,0,159.2470115053368,22.158731401660233,1053.4080406515504,-872.3188387484437
100,0,0,0,157.6090405255637,22.19385997309694,1040.7761200272914,-1700.2824054477317
0,0,0,0,176.76235791172167,25.46960130431744,1159.2542170371787,1662.6834076801754
10,0,0,0,176.76234258104768,25.469601292875964,1145.4796344646809,1598.9297114169246
20,0,0,0,169.831007314711,25.52346145162332,1132.6217325061987,1513.6179475943538
30,0,0,0,170.17297797811585,24.73902322170667,1118.9057697974445,1449.8654904884813
40,0,0,0,170.8120206686711,25.516299507873924,1114.7566113903001,1230.6397089802679
50,0,0,0,168.20338832787232,25.53810790893688,1106.9368207197936,1165.4376370914645
60,0,0,0,163.70187186402995,23.569608170682212,1079.609442740721,45.2776476614671
70,0,0,0,162.55200139640408,22.4774138333159,1057.8574424060098,-205.72220930010616
80,0,0,0,164.30167403118412,25.583822750317612,1076.2060379129755,-182.7945954716097
90,0,0,0,158.40326303773017,22.2649676358782,1044.9702290290752,-1269.4327860649648
100,0,0,0,157.1977849552874,25.663570711080837,1071.6010088906346,-899.1577362083398
0,0,0,0,176.76235791172167,25.46960130431744,1159.2542170371787,1662.6834076801754
10,0,0,0,174.30353810154287,25.489207402925828,1150.0362811268408,1598.8084471202455
20,0,0,0,170.4519158931376,24.85172504034907,1116.807234807018,1513.6379072168254
30,0,0,0,169.34815660317935,25.531950004343205,1117.9487281871088,1449.8312283138755
40,0,0,0,167.74058663966414,24.469552576359842,1099.6679809164978,1013.0902921096161
50,0,0,0,170.21573796122922,23.474099650468283,1091.866290738421,618.2733051475539
60,0,0,0,161.0916765717222,25.612028814438816,1104.950128239328,940.319645078075
70,0,0,0,160.12961365191373,22.539381670918704,1050.8402468549368,-394.72344246216994
80,0,0,0,157.82941806338087,25.64940213426677,1076.0439042404394,360.44831543114367
90,0,0,0,161.99240561409079,22.540572137092337,1061.56497656108,-738.7625541254624
100,0,0,0,156.4402388481995,25.67180636306854,1074.0461186387374,-924.0744839806842
0,0,0,0,176.76235791172167,25.46960130431744,1159.2542170371787,1662.6834076801754
10,0,0,0,173.64665596582083,25.492676850542296,1143.4379512716084,1598.7835821973897
20,0,0,0,171.10314778763774,25.162380891573896,1130.2058746669031,1513.6609507804476
30,0,0,0,169.9462658266768,25.52424837190029,1116.5800861461464,1449.8644294772052
40,0,0,0,167.29838834768856,25.548209356634732,1104.3820647646485,1244.4933364331664
50,0,0,0,166.73799058484914,25.554452810662013,1106.1643801921425,916.011546439172
60,0,0,0,165.78234799085612,22.8442626553644,1071.5321979461003,213.40397737805284
70,0,0,0,161.75054044848122,23.655574014061443,1073.7400101390065,-183.68156295737177
80,0,0,0,157.86414883967524,25.65101146566829,1104.0020128673668,375.12729870430456
90,0,0,0,156.5264036014865,25.672686095296342,1095.3826175097347,-86.65842934513053
100,0,0,0,162.00186716518732,25.611276075727382,1082.666124260133,-815.2727106557513
0,0,0,0,176.76235791172167,25.46960130431744,1159.2542170371787,1662.6834076801754
10,0,0,0,174.74865778364193,25.485934951278992,1147.9131657841378,1598.8285559028075
20,0,0,0,170.3280465089228,25.520119748916912,1129.8366469976465,1513.633707493146
30,0,0,0,170.71319974600863,25.5179454523629,1119.946012893047,1449.8987290463733
40,0,0,0,169.27444599834706,25.5320640864939,1124.2430036277642,1364.829541704328
50,0,0,0,162.34370326596644,25.59544723428962,1087.02894909632,865.2739549718993
60,0,0,0,159.92207461751175,25.622712126760337,1091.8642594808139,926.21099341837
70,0,0,0,159.7622180791761,25.628955798752965,1090.2948067635834,534.7854904631954
80,0,0,0,161.05950813106045,25.61307165533221,1075.631103636432,-139.8075755485084
90,0,0,0,162.03506778092992,22.11633746426807,1050.4734824927475,-1166.7238164306568
100,0,0,0,159.2702217788144,25.633229591047872,1098.4443344021981,-205.2901602228776
0,0,0,0,176.76235791172167,25.46960130431744,1159.2542170371787,1662.6834076801754
10,0,0,0,174.65564807116834,25.485012424398327,1141.7484686881194,1598.830080837018
20,0,0,0,176.4375790140038,24.671182616267945,1131.2442738962568,1513.9123892280845
30,0,0,0,169.9549980789716,24.11386769056737,1106.1843441132714,1366.0582319116093
40,0,0,0,166.3137636107789,25.55666635616423,1115.9616068884498,1364.72766705181
50,0,0,0,164.75522185462103,22.8860824953306,1075.911895516046,690.0912365538223
60,0,0,0,162.06863948000537,23.127901724667417,1070.8417684509254,212.3323019670593
70,0,0,0,158.19507114079425,25.644802986163516,1082.9107686592442,533.856092570102
80,0,0,0,158.92678612590885,25.639111345379387,1088.2401789744818,375.8938223137098
90,0,0,0,156.41003871868585,25.66971069178774,1099.8115486666302,-487.63245214788276
100,0,0,0,159.1818749744007,21.98030287313647,1044.915874725441,-1272.3485708000953
0,0,0,0,176.76235791172167,25.46960130431744,1159.2542170371787,1662.6834076801754
10,0,0,0,174.1431492702837,25.489665480606142,1141.701814031502,1598.804361877542
20,0,0,0,173.62562059509517,25.495613447358256,1140.5028111750648,1513.7739902391797
30,0,0,0,170.89503431825747,25.14121270971407,1121.617185980545,1438.355595656833
40,0,0,0,168.34533443949826,25.542483569171143,1103.3017113120643,1202.7423599677766
50,0,0,0,169.17042583135753,25.530040398755272,1119.053112540309,1122.6715455989442
60,0,0,0,163.48941006517398,25.590826173322625,1113.5813628289118,928.1774095273252
70,0,0,0,162.45773165191443,25.600336802983357,1089.0167181873899,166.62792384064227
80,0,0,0,160.46960600425203,22.294268932532056,1052.6004288194226,-743.7722653503123
90,0,0,0,155.7458479310861,25.627077969098174,1076.247302322522,-12.658756420500765
100,0,0,0,156.8953205605572,25.664406137196284,1055.0412285110872,-932.1941204691929
0,0,0,0,176.76235791172167,25.46960130431744,1159.2542170371787,1662.6834076801754
10,0,0,0,175.32696832344902,25.48320046701564,1145.5438386045103,1598.851522883078
20,0,0,0,172.09139677158527,25.50588802261105,1132.1875398267941,1513.7099470713417
30,0,0,0,168.53123028265136,25.536604547858218,1123.227542195095,1449.8079686912854
40,0,0,0,168.50170712379702,25.536915547775564,1112.7452830567688,1218.6517309749293
50,0,0,0,167.20914163207303,25.552219470404285,1103.9138885782183,849.4282205351861
60,0,0,0,165.43143478872656,24.094719974804015,1098.0860771586536,207.41186479100202
70,0,0,0,165.18083317224284,23.596323936569746,1075.6560599251093,-190.50330853243824
80,0,0,0,162.04413051960597,25.610678603154746,1087.4635966592684,361.3499320742178
90,0,0,0,157.91268959116297,22.148812159609125,1047.965059107113,-745.9319515674337
100,0,0,0,158.5722774795376,25.641663348578106,1054.8481875261652,-821.5911332344607
0,0,0,0,176.76235791172167,25.46960130431744,1159.2542170371787,1662.6834076801754
10,0,0,0,176.2781063225515,25.474036589745694,1145.1576335507684,1598.9030356792891
20,0,0,0,176.26146892491994,25.47423175265132,1138.0834943557252,1513.9023751501625
30,0,0,0,171.29861900759838,24.088706588754658,1110.7598104229141,1449.9133097005931
40,0,0,0,168.21834650467025,25.548884602389425,1114.096474019626,1247.2565408188996
50,0,0,0,163.31749478570092,23.954692758482697,1081.229218204467,605.68460111293
60,0,0,0,166.08184866531263,25.56860869217958,1108.436443108818,819.8669022367916
70,0,0,0,162.1926322396505,25.60311461404582,1069.2057145713975,134.9522606846036
80,0,0,0,165.65870143251917,22.52695270736402,1071.2314703957356,-500.32763048522366
90,0,0,0,159.53089493992317,22.436803044164463,1057.0520481922335,-738.0349259094463
100,0,0,0,155.35555730579281,22.07249349749597,1033.149796552297,-1680.049789866201
0,0,0,0,176.76235791172167,25.46960130431744,1159.2542170371787,1662.6834076801754
10,0,0,0,176.269482722454,25.474230540223292,1147.5207893555744,1598.9022450237135
20,0,0,0,170.67093256749618,25.51669733880756,1137.7405827552845,1513.663139394125
30,0,0,0,168.17255065080056,24.956648839268905,1116.7077687355793,1350.0178991455718
40,0,0,0,170.6529869302318,24.480826318753866,1110.4045708510243,894.6544273563453
50,0,0,0,163.69660738528805,25.58235796292273,1095.5960012624992,869.5043497691231
60,0,0,0,164.51935148233682,23.28896554844228,1082.8874691801147,376.56298829578316
70,0,0,0,163.84772701262145,23.324569157533674,1066.4213330578177,-203.32727810697665
80,0,0,0,158.29542002845028,22.09725963865352,1044.0131913428186,-748.2499095709965
90,0,0,0,157.80224834474606,25.661978975949722,1071.885507290683,-537.7620650064113
100,0,0,0,154.89149970114912,22.426432675734695,1049.7323428499592,-1424.201751783879
0,0,0,0,176.76235791172167,25.46960130431744,1159.2542170371787,1662.6834076801754
10,0,0,0,174.91007638232952,25.46147848083687,1141.1599042516239,1598.8403984401043
20,0,0,0,172.5925801349932,25.50069724283911,1133.9388698244752,1513.7383255688812
30,0,0,0,171.75084225819919,25.51219842836316,1124.3606190623825,1449.9344114413504
40,0,0,0,166.6535202092952,24.239552524940756,1092.3032165758555,1020.2549710773063
50,0,0,0,167.7537111030016,23.975833745854185,1088.855829433875,625.9726862580195
60,0,0,0,161.7242693123679,25.603572465711483,1086.1504892617397,557.4717256824814
70,0,0,0,161.5276211170247,25.615100128124926,1093.220526960455,516.7089454229035
80,0,0,0,159.96843118002562,25.63204287372654,1092.9896270856775,216.6754962328746
90,0,0,0,161.14277273944163,25.610459627418084,1084.0901354892708,-490.3842449193733
100,0,0,0,155.45541336774903,25.56174853699899,1092.886504043597,-202.168728731498
0,0,0,0,176.76235791172167,25.46960130431744,1159.2542170371787,1662.6834076801754
10,0,0,0,176.7622461170671,25.46960230558413,1153.9418330939268,1598.9296800255247
20,0,0,0,174.28098049744352,25.098816560444543,1134.3957819990726,1513.8045930704754
30,0,0,0,168.9984066485,25.532011038859572,1122.5732617538395,1449.8291235010595
40,0,0,0,164.21185473165724,23.5065528702365,1076.1010326170424,918.0966923524799
50,0,0,0,167.39977562721765,23.078904965834845,1084.7364590371324,692.603046143065
60,0,0,0,164.17215731930645,25.579516065086757,1121.5151771830597,825.2410877578035
70,0,0,0,165.0238447005948,23.794366257788226,1079.837252035394,-184.19619536942216
80,0,0,0,165.16458580430273,23.278156969951862,1081.122219932496,-386.54653043990186
90,0,0,0,157.3584757865733,25.66110107751331,1094.851356384988,90.0574384029315
100,0,0,0,156.75531979841043,22.109722897479738,1043.452213797783,-1401.4109098467482
0,0,0,0,176.76235791172167,25.46960130431744,1159.2542170371787,1662.6834076801754
10,0,0,0,175.20576516352745,25.48193014570826,1149.5462810776505,1598.852238186423
20,0,0,0,171.58873118459883,25.51240193638245,1133.1598100086492,1513.6796340255491
30,0,0,0,170.51844455699893,24.698618334279782,1117.2607493864032,1432.2078100741828
40,0,0,0,168.3940823848024,25.545002337771855,1115.0312966386205,1364.7830829098846
50,0,0,0,162.859859774196,25.592868790091835,1096.8700107160275,1165.5312706742723
60,0,0,0,160.78850729748726,23.507303849030396,1075.2876799075877,49.37002996456425
70,0,0,0,161.7338545081189,25.606560028719336,1081.0032991234893,203.0830251420209
80,0,0,0,160.90607445502934,25.624311300365022,1085.9069957821016,233.2251313671454
90,0,0,0,162.5875480621942,25.599793309456967,1067.9660434340615,-470.04565775986373
100,0,0,0,155.57727360298705,22.197687785313736,1040.0210996409373,-1608.741898857504
0,0,0,0,176.76235791172167,25.46960130431744,1159.2542170371787,1662.6834076801754
10,0,0,0,173.85389792346143,25.491619803012888,1145.98025822575,1598.791438883112
20,0,0,0,173.42781962728148,24.83719819580584,1123.1413329220613,1513.7637775189733
30,0,0,0,168.83004635959225,25.534356627381648,1116.1345618433834,1449.820346290225
40,0,0,0,168.7485460965088,24.223649456333042,1106.573759655648,934.3775807412402
50,0,0,0,163.5497784750587,23.859817495715035,1089.9181762110484,617.8491268951461
60,0,0,0,162.48800602766926,23.110251553080246,1066.5476100959415,43.30457602351807
70,0,0,0,161.14859890030004,22.548513151155184,1063.5652006283597,-88.0020596233727
80,0,0,0,160.3239229464254,22.562099825878136,1050.39335010429,-826.7951530434264
90,0,0,0,157.41475250774613,25.66019497024395,1082.5879129702062,-73.41641740775813
100,0,0,0,156.47255553082718,21.99871586639998,1040.423621019526,-1131.3890974205958
0,0,0,0,176.76235791172167,25.46960130431744,1159.2542170371787,1662.6834076801754
10,0,0,0,175.93879421445635,25.476888095734118,1143.8877819982772,1598.8860797274365
20,0,0,0,171.0055695213659,25.51542126194881,1129.165232541515,1513.663382922634
30,0,0,0,171.14610271271764,25.519305372405345,1120.4789079309,1449.9045369697847
40,0,0,0,170.19534587103774,23.92220914441131,1102.7061903391357,952.8492302393402
50,0,0,0,163.09194322328455,25.59089331776105,1106.5718623149585,1227.1398242735406
60,0,0,0,165.828717603143,23.01632898653709,1071.2396626611262,43.212693243926786
70,0,0,0,162.20306077505612,23.070821151425903,1072.2604971789467,-210.920444887454
80,0,0,0,158.60417390913602,25.645761220071083,1072.732852764871,226.47896514998334
90,0,0,0,163.0819370650455,22.567286301771478,1057.6724939926723,-1248.5967442463748
100,0,0,0,158.46996735984678,25.643933757621785,1063.83014072463,-880.1787869220124
0,0,0,0,176.76235791172167,25.46960130431744,1159.2542170371787,1662.6834076801754
10,0,0,0,175.3473294574357,25.481235080042122,1144.81802556956,1598.8574130688785
20,0,0,0,174.49478780746347,25.486843699326123,1143.5630704219443,1513.8199841647913
30,0,0,0,169.72572352156394,25.528987198369776,1124.3461263679974,1449.8476079828258
40,0,0,0,165.83536069834707,23.625574306929405,1087.0405169448522,1023.5088794294462
50,0,0,0,167.16503407063865,25.551756784597835,1105.8142788914229,1127.7759253240886
60,0,0,0,167.56018674677122,25.54434918440909,1108.0045019827046,937.8503431694597
70,0,0,0,158.6552281154287,23.061670714523874,1070.51686683203,10.90803535283255
80,0,0,0,161.00526925101633,25.61291955447376,1088.233488733219,216.97743354278748
90,0,0,0,156.4661806226733,22.146655748100283,1050.4881401419957,-871.8085319628851
100,0,0,0,157.8300567488341,25.651122285828777,1089.9040650019308,-321.5973578559555
0,0,0,0,176.76235791172167,25.46960130431744,1159.2542170371787,1662.6834076801754
10,0,0,0,173.6483451951391,25.49263298944193,1140.8350710092543,1598.784417748389
20,0,0,0,170.42573784981428,25.5195251308861,1128.3209283845197,1513.6367260124687
30,0,0,0,169.16240192911917,24.331120685085793,1103.1550728272277,1328.0603702187018
40,0,0,0,166.32463084379964,23.607008554558146,1089.8795286698487,949.0375987839224
50,0,0,0,168.73004336426962,25.542825101321178,1109.0498713847128,1155.5609929725265
60,0,0,0,163.12259087173686,25.58864583331983,1097.712540707342,942.8080902843095
70,0,0,0,164.71570427638986,22.73224839552153,1068.7143101325278,-343.20047879071603
80,0,0,0,165.86544722238926,22.588864966919814,1066.3823547204258,-618.4419632986412
90,0,0,0,159.4503959018519,22.368489853835936,1053.6948719357918,-1186.794617751181
100,0,0,0,154.6301973584253,25.388324718253692,1078.1758619871705,-378.38720617134726
0,0,0,0,176.76235791172167,25.46960130431744,1159.2542170371787,1662.6834076801754
10,0,0,0,173.87126471274556,25.491516175652475,1142.6777766198145,1598.7917065200415
20,0,0,0,174.23487609563355,25.490519586360502,1147.3101869276604,1513.8028748412717
30,0,0,0,171.9752289204768,25.509050458255558,1122.9085861013446,1449.9483881747237
40,0,0,0,166.59206012113933,25.555458747181984,1102.574912335767,1259.0442614116293
50,0,0,0,162.83229404287718,24.527447233822315,1097.2278403068976,615.4149390951699
60,0,0,0,166.52158983403612,25.55903338525603,1087.133245215984,516.6953128204598
70,0,0,0,164.13380526949052,23.106936703881313,1083.0131768321564,-321.2898062717429
80,0,0,0,163.27840765000286,22.67539733451652,1068.1703335786942,-770.6722231996232
90,0,0,0,161.08526386475322,22.66540572327148,1059.3397711214059,-1015.1571091196472
100,0,0,0,154.97847324385606,25.49378226559699,1092.9632535871376,-206.72202904595824
0,0,0,0,176.76235791172167,25.46960130431744,1159.2542170371787,1662.6834076801754
10,0,0,0,174.37788056138461,25.48819384722729,1145.183956054025,1598.8133187713995
20,0,0,0,170.65768480332224,25.517110247419847,1123.1041156759197,1513.6497320757182
30,0,0,0,169.7422467242941,25.52757776883563,1117.3846307554581,1449.85025578215
40,0,0,0,166.6593363439356,24.788664450075125,1106.315046053657,1019.9438573849695
50,0,0,0,166.7405207021466,25.555213642455804,1098.7898245307913,919.0042357113336
60,0,0,0,161.4021982376243,25.611573920179683,1109.7801494278947,942.8455523720559
70,0,0,0,158.85078535530107,25.63686279288568,1089.1855085149298,660.3661267213674
80,0,0,0,166.83286934479844,25.561676357088004,1097.315399969911,272.98884614165166
90,0,0,0,156.05430799803796,22.485593196599613,1059.9770996498364,-760.6016872642957
100,0,0,0,157.22403978978633,22.163760641759193,1045.6433463638584,-1612.4880790445698
0,0,0,0,176.76235791172167,25.46960130431744,1159.2542170371787,1662.6834076801754
10,0,0,0,174.37187547351425,25.487887237313092,1143.196096779956,1598.813890821751
20,0,0,0,172.7611386026155,25.376847303329285,1132.719399908851,1513.7353846500507
30,0,0,0,175.58666915372086,25.480148053543783,1144.6173133316888,1450.1181369465585
40,0,0,0,170.27578496429814,24.61276741728701,1112.1787559702968,912.8908560234829
50,0,0,0,162.76637539752068,23.409090271693202,1073.7849896218572,473.14083670394473
60,0,0,0,165.2633104019975,25.567131812933887,1095.2934994838965,512.7205693523722
70,0,0,0,162.16156601100903,23.213542346588373,1062.1740468827807,-202.10918062298794
80,0,0,0,161.67074809726452,22.579504295839754,1063.1506925007939,-369.03472331629655
90,0,0,0,159.36921128028672,22.114561996400976,1043.7349452245596,-1013.0245419225043
100,0,0,0,156.86353407405056,25.638031240440768,1075.3271028379968,-368.1288469383796
0,0,0,0,176.76235791172167,25.46960130431744,1159.2542170371787,1662.6834076801754
10,0,0,0,175.14153981376992,25.483528905788724,1147.5463164202542,1598.8453589398596
20,0,0,0,171.28437777508296,24.84124030865072,1121.7163246917676,1513.6740991325948
30,0,0,0,168.39983367909812,25.53861356730401,1125.4574060246753,1449.7980974489617
40,0,0,0,164.97591513581085,23.64282256825042,1087.690545742219,1126.843804171248
50,0,0,0,169.29392918182165,24.228752157998482,1106.6935240382127,624.642743884417
60,0,0,0,166.70856044506584,24.101075147304467,1101.7760134898851,102.32744124435688
70,0,0,0,163.2480255913018,22.858226882619743,1074.8157906319527,-109.22478726287805
80,0,0,0,162.43254419462295,25.60275540021247,1085.407468329794,368.67564542632
90,0,0,0,158.4667966023315,25.64305114759816,1078.636632239362,-535.4086516098175
100,0,0,0,157.76615908013696,22.607785532289498,1059.8351047331062,-1124.1296021011658
0,0,0,0,176.76235791172167,25.46960130431744,1159.2542170371787,1662.6834076801754
10,0,0,0,176.41392924453265,25.472645329918034,1153.4433655603473,1598.9110913898173
20,0,0,0,173.4204818681477,25.22495237797266,1127.2792543237058,1513.7615909494045
30,0,0,0,174.77252987658628,25.486805457697987,1129.2685575823173,1450.0767505624287
40,0,0,0,167.7441575147886,25.54667235704926,1105.4514442445793,1208.9833210926574
50,0,0,0,164.17200570689013,23.5095903568169,1084.187593816298,757.3115156460237
60,0,0,0,164.53911498303887,23.40071845198497,1069.6358374720348,197.86984482433456
70,0,0,0,160.46453823188133,25.618927688849332,1075.9863928848722,224.53814204881294
80,0,0,0,159.73271157293823,22.29898291492994,1051.4630227437247,-744.2175179055306
90,0,0,0,160.8295934804548,25.61751225945036,1078.2424510796925,-13.632534477659837
100,0,0,0,156.54985093496356,22.142054763407952,1039.0132600621223,-1421.6368670112788
0,0,0,0,176.76235791172167,25.46960130431744,1159.2542170371787,1662.6834076801754
10,0,0,0,173.8410402751518,25.491698899390286,1136.7591119552385,1598.7904467434007
20,0,0,0,172.9564705520032,25.438845397726794,1131.8672009313907,1513.7396932383112
30,0,0,0,169.85496050674757,24.91985291479452,1120.7978425243473,1418.5553128257222
40,0,0,0,167.1673151451754,25.552275082256465,1113.808240456411,1364.7430234052622
50,0,0,0,166.89192647517524,24.028544416767353,1093.260833529896,486.98456618216983
60,0,0,0,168.5219784390618,25.540158902726454,1100.9059160432867,854.0165359091777
70,0,0,0,161.6540245835493,25.610012055249328,1094.4921316650143,657.5846053572958
80,0,0,0,158.3033106380184,22.47744535936404,1048.8479215411417,-824.9623395875254
90,0,0,0,157.54590989255328,25.654915502571335,1077.7944587821983,-580.3954690631142
100,0,0,0,155.98281061771792,21.954926096630544,1038.2854449381277,-1426.2337846849412
0,0,0,0,176.76235791172167,25.46960130431744,1159.2542170371787,1662.6834076801754
10,0,0,0,173.99921849132951,25.49069634334305,1139.8111883096933,1598.796804542866
20,0,0,0,171.42016939091184,25.511809058496322,1128.2729149359793,1513.6790084438492
30,0,0,0,169.20817633681241,24.784959388541537,1116.5840315195928,1435.6389756510025
40,0,0,0,167.090100951857,24.552466553266562,1110.554729201137,1145.6511652352565
50,0,0,0,161.9274156355862,25.60304922374881,1104.7709274094025,866.3665350110899
60,0,0,0,164.21567219376462,22.955706229731668,1077.0855586420573,291.1215539962013
70,0,0,0,162.38478778801004,22.93668501091045,1069.5886744908823,-8.036550744186302
80,0,0,0,159.69932500480385,22.595343113195405,1057.6495151376782,-384.3580003986676
90,0,0,0,158.5245017502069,22.139694643910108,1048.0922752901886,-1171.4734965388227
100,0,0,0,155.73716476025845,25.576687829139555,1073.428708205145,-819.9346933858369
0,0,0,0,176.76235791172167,25.46960130431744,1159.2542170371787,1662.6834076801754
10,0,0,0,175.0665480678625,25.483323146194444,1143.8072869597643,1598.8443889929063
20,0,0,0,172.7064659245084,25.423226512642447,1137.056172575682,1513.7392135155358
30,0,0,0,171.23230708546245,24.679612173261717,1122.7380460431166,1449.9126962569574
40,0,0,0,165.99201387019616,25.55832378736481,1106.5131767693015,1223.7990168248398
50,0,0,0,163.74790206838003,23.96679296356631,1093.3861497627204,604.0448112519293
60,0,0,0,162.6641642887489,25.594432966223795,1094.864028140285,832.8783580268283
70,0,0,0,166.46982629606126,22.982384667421876,1077.3731844774604,-335.370356085939
80,0,0,0,156.39857281307502,22.51507450445548,1048.4493584600798,-599.4429900210451
90,0,0,0,159.17403081238905,25.63616451065485,1085.2942874434764,84.04897976669773
100,0,0,0,156.6346932530275,25.603118211121846,1060.598415544088,-877.9420524519456
0,0,0,0,176.76235791172167,25.46960130431744,1159.2542170371787,1662.6834076801754
10,0,0,0,174.3436861293933,25.48864201883605,1141.587221319977,1598.8110999264159
20,0,0,0,171.95385281568534,25.232059870849366,1133.7855405119963,1513.6956047606104
30,0,0,0,174.7363827296892,24.783649514283585,1127.6953376905058,1380.6480122689086
40,0,0,0,165.64143394842415,25.56253247050338,1116.7846167358412,1364.6981437209831
50,0,0,0,163.40456296707393,24.01320074381066,1100.8413254330694,685.3746712053769
60,0,0,0,162.30430890754366,25.59774130296707,1085.5252384710582,528.0571512023813
70,0,0,0,163.24771161118673,22.9858621803461,1070.3118597386417,-197.01802200490818
80,0,0,0,160.09397810767655,25.622376953078923,1078.584558451872,-192.24142585827394
90,0,0,0,157.49423684420015,25.658619237880515,1066.7869532343852,-579.0244833923199
100,0,0,0,161.205986152408,22.16804349935294,1056.6631018767262,-1273.0045119226445
0,0,0,0,176.76235791172167,25.46960130431744,1159.2542170371787,1662.6834076801754
10,0,0,0,175.44806778142856,25.48127625087586,1149.0712893753775,1598.8600433103536
20,0,0,0,171.8975238077227,25.006777464919736,1122.693689762421,1513.6976350787268
30,0,0,0,170.18475056773133,25.522209018804883,1129.629328528595,1449.8761386369004
40,0,0,0,170.80350177336635,25.5197021531851,1108.5026451592123,1214.7845353571286
50,0,0,0,164.61726121708875,25.572968995806914,1119.2754615268534,1165.6457907361994
60,0,0,0,164.12178280818355,22.901827185545052,1071.7234423238413,85.60823234659841
70,0,0,0,162.35704792830748,25.601750730935755,1077.3739574680924,148.95845505224477
80,0,0,0,157.39615473989036,22.774455037570632,1065.3121255698459,-382.3453180505467
90,0,0,0,159.28065602171344,22.016814477663498,1048.4946055295768,-877.0822846970619
100,0,0,0,157.40427286844903,22.195236309088287,1052.8252378441903,-1272.5662451479805
0,0,0,0,176.76235791172167,25.46960130431744,1159.2542170371787,1662.6834076801754
10,0,0,0,173.74391087941024,25.492172002475375,1147.195325947687,1598.7870364398207
20,0,0,0,174.91589475323772,25.486179061345915,1147.716589527256,1513.8324644015452
30,0,0,0,169.86418789007993,25.52326736138139,1118.3406251061988,1449.8710694296128
40,0,0,0,168.1904310451915,25.54171903770964,1118.1819673708887,1364.7842416303913
50,0,0,0,164.11340560766922,25.578462623093568,1102.2464086861255,875.336174173387
60,0,0,0,163.24995505727733,25.58600260808956,1101.5350400387222,864.0767963135727
70,0,0,0,159.5496017982252,25.62907621775449,1091.849760320189,571.925504663588
80,0,0,0,160.44946346882915,22.58475764174592,1054.7334639486598,-593.0384820773655
90,0,0,0,158.861301910197,22.314777869378208,1053.7254558702973,-1172.587767923289
100,0,0,0,157.74082319332015,22.192695533330706,1044.7042369763567,-1424.7078620461402
0,0,0,0,176.76235791172167,25.46960130431744,1159.2542170371787,1662.6834076801754
10,0,0,0,175.0618562812147,25.48449535920856,1143.8605853723066,1598.8404725855182
20,0,0,0,174.72647583670707,25.487471641602493,1144.1954001629379,1513.8251896665133
30,0,0,0,170.40352332457186,25.418006275697028,1127.2117500979707,1431.7269722067601
40,0,0,0,167.12321661583906,23.572130106291546,1086.777432287493,1020.2176766030635
50,0,0,0,163.45012893651082,23.34241153464422,1077.969168597883,601.0716792165563
60,0,0,0,160.16266828207628,22.85270356962732,1064.2592028567417,212.21463750417934
70,0,0,0,163.26205590427233,22.838605647676363,1070.1361142343337,-327.5679376058511
80,0,0,0,159.3560290439222,22.759160701649524,1062.8907273755844,-596.4010745726539
90,0,0,0,161.5456228004004,22.158303641329066,1055.9640822343067,-865.6218791939996
100,0,0,0,156.97666470963438,25.665067362288706,1052.062180834455,-919.7797793705156
0,0,0,0,176.76235791172167,25.46960130431744,1159.2542170371787,1662.6834076801754
10,0,0,0,174.85466388418104,25.484011315833307,1140.8540412317532,1598.8377674312535
20,0,0,0,171.37135910921333,25.51175599884166,1131.2251918370223,1513.6809808303997
30,0,0,0,169.20728054731475,25.52952565277565,1113.532386105828,1449.8444651387367
40,0,0,0,167.67779335539214,24.529213704969273,1112.5964697883576,930.9382483620856
50,0,0,0,169.10972804155745,25.529809184733654,1111.830997041069,1224.670155219943
60,0,0,0,167.94439363469758,25.545524690022706,1112.9768581564667,856.4645035704731
70,0,0,0,158.20661520796435,25.643183381361144,1084.203799072822,148.49247979298502
80,0,0,0,157.24059202526416,22.225298507196396,1041.028653654537,-753.526863458145
90,0,0,0,160.8029920426127,25.61762620226519,1068.7312657550365,-531.5442545752137
100,0,0,0,158.1804623672437,22.159898266634045,1048.1127710185835,-1406.2897551689703
0,0,0,0,176.76235791172167,25.46960130431744,1159.2542170371787,1662.6834076801754
10,0,0,0,175.16345876397662,25.482195250243407,1147.1829544024483,1598.8504410057544
20,0,0,0,173.53347238436427,25.497426275148158,1134.0064805375057,1513.769619493216
30,0,0,0,169.6236985360093,25.384633146109437,1125.3718303476637,1438.5481951753954
40,0,0,0,167.27936045162878,25.54805127864191,1113.7319840106275,1364.7606188135203
50,0,0,0,168.56110537530182,25.541892513902006,1118.1606698831936,1212.7303177540743
60,0,0,0,162.956863922352,25.594632497397484,1099.7194748663426,925.8389267640387
70,0,0,0,160.08642003093365,23.33854300827039,1087.3051547345017,-86.62754806646659
80,0,0,0,161.60666927840188,22.52374082659294,1066.617372681147,-493.48550006232045
90,0,0,0,158.0018810692026,25.65520559678554,1085.4455663873891,-486.9853477553078
100,0,0,0,158.81226911604696,25.641164598815664,1059.8788089185377,-922.14789736195
0,0,0,0,176.76235791172167,25.46960130431744,1159.2542170371787,1662.6834076801754
10,0,0,0,174.7453430711159,25.486221725629765,1146.0636252284735,1598.8277814711846
20,0,0,0,170.85600221191152,24.788394340769774,1116.0069181915787,1513.6554838019301
30,0,0,0,167.8921880899129,24.526702285357224,1114.4959951438595,1449.7878503979616
40,0,0,0,166.3377346233346,24.791286886267343,1116.3789197331198,1145.7496675261907
50,0,0,0,166.13974831437008,25.558675775098415,1114.6526324677116,1170.5544047611534
60,0,0,0,165.29521859444958,25.569184774714063,1097.347542025752,933.7442729360592
70,0,0,0,163.59365506595694,25.589711921394496,1082.6402563557024,130.42282839374803
80,0,0,0,161.5628170404227,25.60917341202955,1077.6268196894298,-180.5373128837417
90,0,0,0,156.3979620270535,22.519838578052312,1057.5445228442004,-749.7965774875703
100,0,0,0,158.82295823414717,25.639436778067186,1069.8971398493447,-893.1931742615045
0,0,0,0,176.76235791172167,25.46960130431744,1159.2542170371787,1662.6834076801754
10,0,0,0,175.07890233851475,25.48330875082589,1144.7040898616194,1598.844721999489
20,0,0,0,170.4996002152803,25.51894852791243,1134.814272615476,1513.6411459409826
30,0,0,0,170.91432516435214,25.51715035354105,1125.8740048265383,1449.9031489015176
40,0,0,0,171.1712701968109,25.51911671463761,1120.0750033126703,1256.0435688174023
50,0,0,0,167.9238001192639,23.715401173150553,1094.275957386548,753.6551038517474
60,0,0,0,163.70671143937298,25.581839533301295,1080.4458700101566,531.7141685008688
70,0,0,0,161.85812434466268,25.602705788904174,1073.089064216714,179.99013920149957
80,0,0,0,161.8237324691324,25.606184733098097,1073.355278012331,-131.47304987908484
90,0,0,0,159.94731631706924,22.924856746943917,1071.9239604217084,-739.6491879211114
100,0,0,0,158.1158912634781,25.65134068876123,1105.9717458486666,-195.70803558265214
0,0,0,0,176.76235791172167,25.46960130431744,1159.2542170371787,1662.6834076801754
10,0,0,0,175.68988916211885,25.477328077866204,1147.013342398321,1598.8786287766388
20,0,0,0,173.162652158673,25.50056919570067,1129.3134457336805,1513.7492156545024
30,0,0,0,171.11129125065187,24.566747044354695,1115.3066709236082,1414.9627662977696
40,0,0,0,169.33080326050214,23.640642735812435,1088.9322461742963,920.7060738028688
50,0,0,0,168.59317538307855,23.29374278237504,1092.7905784156706,692.3077282003139
60,0,0,0,161.93416115953616,23.07636731902369,1064.404252923505,24.550944191574935
70,0,0,0,161.07815386803227,25.614351153331754,1089.7386545444783,648.0547881251799
80,0,0,0,160.72423057120142,22.661526006866495,1059.4723897211898,-616.6824648837566
90,0,0,0,161.12108860137212,22.653609193402968,1050.4628603420545,-987.672793295444
100,0,0,0,161.8851449237857,22.532273946706397,1057.9802529260007,-1410.0003083295574
0,0,0,0,176.76235791172167,25.46960130431744,1159.2542170371787,1662.6834076801754
10,0,0,0,174.25879435967374,25.48909049646398,1146.1805851969184,1598.8077317312934
20,0,0,0,170.30182381391126,25.520296236333234,1130.7093220482682,1513.635022804487
30,0,0,0,168.2711256357592,25.538230130019592,1120.6116426664316,1449.795954717698
40,0,0,0,166.62013904994978,24.305316687588576,1093.6018764949583,1016.5990948213267
50,0,0,0,163.73345857353254,25.580928712412977,1110.9661528973384,884.3569628133308
60,0,0,0,162.6523762564578,22.885216263511666,1066.55639045828,198.48601157107072
70,0,0,0,159.63065985985574,25.630699527473496,1089.7465761802966,559.4688781519728
80,0,0,0,158.88346412118278,22.909029061577566,1069.2278264382237,-370.19052585874624
90,0,0,0,159.48587251019134,22.213603166095382,1045.9578632271941,-1241.8767452508046
100,0,0,0,157.7923954231841,25.65297485290937,1060.825148816516,-374.65496781803864
0,0,0,0,176.76235791172167,25.46960130431744,1159.2542170371787,1662.6834076801754
10,0,0,0,173.83288541637177,25.49171466757483,1146.1572476318079,1598.7903372486244
20,0,0,0,169.9628818451246,24.717608458782426,1115.3897811867905,1513.6217351965663
30,0,0,0,167.31673050950124,24.51627090344761,1099.87095103712,1435.1697333278996
40,0,0,0,164.68815891886337,23.523679784198965,1085.974288095611,952.6593440473723
50,0,0,0,162.9996516623342,23.20327472492269,1074.5231017896308,611.731655031177
60,0,0,0,161.86188059093612,22.919012149757762,1061.3891205644732,39.457822110975776
70,0,0,0,165.7756126058612,22.897240350309616,1072.58731135639,-192.82848462140328
80,0,0,0,169.29846302227972,23.241215145215982,1082.9918842345244,-822.252272898463
90,0,0,0,155.26423920588113,25.59656071976541,1094.567933152067,90.31492909093994
100,0,0,0,156.05170851285413,25.667549956707315,1056.905865100408,-875.2394035867189
0,0,0,0,176.76235791172167,25.46960130431744,1159.2542170371787,1662.6834076801754
10,0,0,0,173.8324015597076,25.491730778205095,1140.8265866267848,1598.7908016228646
20,0,0,0,170.53661070971356,24.584028624998023,1117.6014103227224,1513.6403815139354
30,0,0,0,169.33092572354613,24.177717643742564,1105.8277856733207,1449.8319379828572
40,0,0,0,165.73872806584086,25.563884137557178,1118.3777680984883,1364.6911630242193
50,0,0,0,164.79166335222808,23.376463612552964,1084.2335572011457,760.608107567813
60,0,0,0,163.9313837450406,23.67909158022069,1087.540525682387,210.91332217748422
70,0,0,0,165.20609524809092,22.920723223189714,1073.6263380118862,-8.43829820143414
80,0,0,0,161.96594293354661,22.15008121951005,1056.3901152357005,-484.57944810980456
90,0,0,0,160.04296733715935,25.630069888819392,1084.9331025884178,-73.70001400280945
100,0,0,0,155.1700510831073,25.446941194588664,1093.4083914520381,-311.2427134183102
0,0,0,0,176.76235791172167,25.46960130431744,1159.2542170371787,1662.6834076801754
10,0,0,0,174.74073122096965,25.486311558769593,1140.8818134494272,1598.827543398596
20,0,0,0,170.86132413680988,25.516789593762457,1137.1101351244922,1513.6526785426229
30,0,0,0,169.66098357699332,24.70675584071157,1116.8765721282819,1411.7024197846
40,0,0,0,166.63153264813516,23.896961888029544,1098.5029131289202,934.7110970221192
50,0,0,0,163.7482285785139,25.58207044245145,1115.7661621618904,1155.504246035429
60,0,0,0,164.14612186530726,22.975010225289978,1073.968688610634,390.15961632895295
70,0,0,0,159.25699275156546,22.708580359779237,1061.7086494574219,-0.4438753798693506
80,0,0,0,160.40322435006027,22.815940746816924,1064.295466182711,-620.3471632293991
90,0,0,0,161.09580493757733,22.244366921309496,1050.6540187303174,-1007.8198529835911
100,0,0,0,161.2640927427654,22.38867122577835,1050.3415980602797,-1704.3792226075814
0,0,0,0,176.76235791172167,25.46960130431744,1159.2542170371787,1662.6834076801754
10,0,0,0,174.65192001443685,25.48646430376705,1144.0608128659767,1598.8246376093412
20,0,0,0,173.80290613945024,25.494273917277802,1132.716492519081,1513.782330802177
30,0,0,0,170.01354146192105,25.306536458815426,1124.1801474757344,1431.6438947932845
40,0,0,0,167.20451856488623,23.94658203020942,1094.6800451809083,1023.544620341358
50,0,0,0,165.67179155148682,24.095270995041066,1103.2407288697625,678.7950884113427
60,0,0,0,165.04777823083685,22.532380418244077,1068.0973517545165,101.77630489996434
70,0,0,0,164.46873694584943,22.697713576859577,1065.8261038264593,-202.87027131518164
80,0,0,0,160.31888654067168,22.282060984332063,1047.8371055847017,-592.315723807557
90,0,0,0,160.28542884491293,22.506830113796276,1059.1952896168928,-744.7840123747934
100,0,0,0,156.58164767607175,22.413132489718254,1039.9651526371115,-1397.2870769227857
0,0,0,0,176.76235791172167,25.46960130431744,1159.2542170371787,1662.6834076801754
10,0,0,0,174.92313150911505,25.48401745272597,1148.279419223607,1598.8388835438002
20,0,0,0,173.29347263791226,25.097465026754318,1127.2583842733875,1513.7582892136666
30,0,0,0,172.34670349942826,25.504035406980368,1136.8767074378402,1449.9705715133819
40,0,0,0,166.23731068115075,23.81655310621812,1096.780037733882,1072.6265012735644
50,0,0,0,167.4100059100884,23.77445093675039,1098.444099081418,695.3538783537347
60,0,0,0,163.0447476434208,22.912414300535136,1067.0617744121434,198.62908160782786
70,0,0,0,161.07284695271645,25.61380528156374,1085.5042542565925,646.131667565815
80,0,0,0,163.2263102311836,23.69022646885411,1090.0239515003586,-367.95714071497173
90,0,0,0,156.92099543948407,22.754008506558115,1046.7707754120297,-999.447895361199
100,0,0,0,155.53508363274622,25.622676437755942,1056.0145456111304,-812.7423853160471
0,0,0,0,176.76235791172167,25.46960130431744,1159.2542170371787,1662.6834076801754
10,0,0,0,174.75227401831916,25.486086529355628,1149.6150872010562,1598.8282215580882
20,0,0,0,173.2987314994551,25.33867512900546,1135.0689722884224,1513.7622447652896
30,0,0,0,167.39832827933378,25.545277772562127,1119.5563377375872,1449.766953130202
40,0,0,0,166.72439517346976,25.553183125329316,1118.1649989889443,1244.3348773012838
50,0,0,0,161.45303311595634,23.323779568169023,1069.618748655305,481.01777437294766
60,0,0,0,164.36445105950548,22.946492860322664,1071.5815380088989,371.399003563581
70,0,0,0,164.44938454736405,23.210040541129498,1079.40859579836,-5.832568681739998
80,0,0,0,161.63271958433342,22.492501537139287,1064.5081888464138,-496.2170570857135
90,0,0,0,158.62566172731417,23.667194634186234,1077.7185163349307,-1016.9993212623987
100,0,0,0,154.52547713801226,25.51840788528794,1056.4467904332967,-894.8002185640158
0,0,0,0,176.76235791172167,25.46960130431744,1159.2542170371787,1662.6834076801754
10,0,0,0,173.79895386770633,25.443665948258886,1138.0774759585652,1598.7896853870689
20,0,0,0,172.84435129655364,25.502434208145257,1130.344146446098,1513.7365139458507
30,0,0,0,168.28609378291713,25.537270916405465,1116.4443344789222,1449.8032725740695
40,0,0,0,166.75193438846915,25.551192437635574,1113.3302032414385,1364.7392811213729
50,0,0,0,167.42499968708518,25.553328849814495,1097.241185714886,884.4759708873695
60,0,0,0,165.22009307114183,25.573200001599755,1107.4012305744666,930.6429433532425
70,0,0,0,159.5386858811737,25.630793119445997,1079.3261997675074,179.18271613783617
80,0,0,0,163.72686309768213,23.708037988605543,1078.31687555618,-613.5365780287088
90,0,0,0,156.91145454941446,25.666274769068323,1086.2531891461072,-86.18872244306529
100,0,0,0,153.8035055831489,22.267029224596524,1036.2064178157702,-1597.5071773313887
0,0,0,0,176.76235791172167,25.46960130431744,1159.2542170371787,1662.6834076801754
10,0,0,0,175.6749630666117,25.47739491855242,1148.2074673987781,1598.8783672764575
20,0,0,0,171.96383490693114,25.50673603655277,1125.6560029938846,1513.7065993446242
30,0,0,0,170.8769704641893,24.699759016006276,1117.4713527374176,1411.552492689866
40,0,0,0,168.48824479602578,23.779912090556778,1097.6337280159005,952.3552368897966
50,0,0,0,165.5782505278025,25.566210484255972,1100.1537608068384,869.5618992724969
60,0,0,0,166.87138181841664,25.561035894674422,1103.8500240637236,548.0561994501295
70,0,0,0,160.38586082752258,23.57178347944457,1070.3416506137619,-190.63060350840738
80,0,0,0,159.49715957376267,25.63517070964255,1067.496097564894,-133.83274227360872
90,0,0,0,163.79635921160744,25.588284176455826,1094.2701626565208,75.60367865159245
100,0,0,0,156.23455663780192,25.649992806333834,1053.9546293688,-912.9454195696957
0,0,0,0,176.76235791172167,25.46960130431744,1159.2542170371787,1662.6834076801754
10,0,0,0,175.316074777627,25.483218845661277,1149.7898240694092,1598.851821600061
20,0,0,0,170.7482930172839,25.51786592820561,1131.7570708214203,1513.6479254432902
30,0,0,0,169.64506425700247,24.030558802387706,1103.5322905366318,1355.1221417011996
40,0,0,0,164.52183269850408,25.574756425459476,1117.5020301262225,1364.6833397860803
50,0,0,0,168.71469758857012,25.53863218316147,1109.3209786181053,884.322917889648
60,0,0,0,166.11525932249884,23.603273970158575,1077.3254134402175,200.05651231936096
70,0,0,0,163.91559272923968,25.5844222103393,1085.4418722704772,572.1821731984418
80,0,0,0,162.05211777940636,25.602670467790777,1095.625824560781,275.1992764131382
90,0,0,0,158.28867110719443,25.6488092521542,1083.8022910244968,85.84286104565345
100,0,0,0,156.83644810630932,22.636350066340057,1059.218916533367,-1615.1488902261115
0,0,0,0,176.76235791172167,25.46960130431744,1159.2542170371787,1662.6834076801754
10,0,0,0,176.08825763784156,25.475553116582372,1146.7513294352718,1598.8939833876382
20,0,0,0,170.70218306160123,25.51624548745256,1131.677920956724,1513.6598959078444
30,0,0,0,169.2530601496044,25.52944189229653,1114.8212950551,1449.838899004393
40,0,0,0,167.80488129867706,24.85884832526875,1111.039319872909,1033.896739228727
50,0,0,0,164.98234633629653,25.569491823383114,1116.814506059421,1217.5636344094864
60,0,0,0,163.62100472145107,25.587316461681585,1085.9128301958287,548.7047551402119
70,0,0,0,158.82172357716087,25.637229792931464,1082.4612277509661,217.72406373772762
80,0,0,0,156.51908426592462,25.665708841633457,1064.3921647876443,-141.5414304775256
90,0,0,0,157.1622825840132,22.19732204462935,1041.4976762287079,-1272.0596195046642
100,0,0,0,158.04435390220584,25.657163113222484,1055.91745128683,-923.1268988655867
0,0,0,0,176.76235791172167,25.46960130431744,1159.2542170371787,1662.6834076801754
10,0,0,0,173.69467942010598,25.492382506421624,1144.3767423099275,1598.785759727246
20,0,0,0,172.81840271297241,25.50102441079054,1136.0023202861537,1513.7394943587606
30,0,0,0,169.63055523795487,25.527995985915496,1122.854824218766,1449.848048680575
40,0,0,0,168.91764310197712,25.536863167697955,1103.3393039433545,1221.113531725302
50,0,0,0,162.16468683789364,25.59808412609867,1099.8258185138577,1168.0158437438881
60,0,0,0,165.16716684834108,23.45144087372441,1090.2479336408105,290.3799067009436
70,0,0,0,158.71081324435696,22.799969974551868,1068.2226118881474,-88.53996035181422
80,0,0,0,162.2914232407107,23.40192882758146,1076.1104919785842,-822.5529166878844
90,0,0,0,163.22054499062253,22.720694578301813,1060.1236804964615,-1264.8800500110099
100,0,0,0,158.13020561577486,25.647370063825594,1055.7406412112248,-816.3353330333264
0,0,0,0,176.76235791172167,25.46960130431744,1159.2542170371787,1662.6834076801754
10,0,0,0,175.80539679010798,25.478528482433976,1153.4050185231367,1598.8782054127432
20,0,0,0,170.59110283603897,25.518825398363802,1131.1101380109963,1513.6418206570181
30,0,0,0,171.59078215660682,25.513679478515055,1126.4321593366058,1449.9277103170668
40,0,0,0,168.1431097761543,25.538573963268487,1109.0635747472375,1221.614711824742
50,0,0,0,166.05454848939297,24.204210318123824,1103.427360362625,759.8721052582537
60,0,0,0,166.4546937171882,25.55554129930833,1104.2516317247816,853.9505653546566
70,0,0,0,161.68694665243208,25.605087271491495,1088.446657581821,519.320665177319
80,0,0,0,159.92824505026917,25.638317857056208,1085.4154621093987,-129.79756660797875
90,0,0,0,156.297837089596,22.393807523902872,1048.81253862292,-1023.1864696362478
100,0,0,0,156.56678621685197,22.12965574461667,1043.3090258755265,-1601.415878723274
0,0,0,0,176.76235791172167,25.46960130431744,1159.2542170371787,1662.6834076801754
10,0,0,0,174.18643142527063,25.489534779570885,1142.452539388232,1598.8045956824508
20,0,0,0,170.72729266261396,25.517702128788347,1129.2677150910395,1513.6522243146399
30,0,0,0,168.9459248207382,25.533945556700967,1123.9384721942909,1449.822360837412
40,0,0,0,169.8787187176838,23.814733990845387,1103.4113507767279,1079.154453415623
50,0,0,0,165.99892515487318,25.56114034953807,1100.7555894171262,1155.5537072647292
60,0,0,0,163.40418310535603,22.939533733834214,1073.7992457842106,85.5920419114907
70,0,0,0,159.33206053040956,23.401395910237056,1063.9291586246393,-206.46586091822857
80,0,0,0,163.29551509780694,22.59970299060595,1064.334467972299,-384.40686293198775
90,0,0,0,157.1962306512702,22.18794710062819,1040.6268780307373,-1271.3737364697658
100,0,0,0,155.58780062300548,22.441634233095535,1039.863893261745,-1391.699905383626
0,0,0,0,176.76235791172167,25.46960130431744,1159.2542170371787,1662.6834076801754
10,0,0,0,174.27574335673248,25.489059447410042,1146.3163946888874,1598.8079962794418
20,0,0,0,170.96413038699959,25.00229391116093,1123.423418910834,1513.6632345496416
30,0,0,0,171.9366691179082,25.097588203623616,1130.5782204331108,1449.9487564406907
40,0,0,0,167.4431697663133,23.613322476259434,1088.3228565031052,1030.4121701896156
50,0,0,0,163.790253900592,25.58323556730062,1103.3030472825742,919.042126326842
60,0,0,0,164.61520081734295,23.454730482953796,1071.4426921837453,207.74813726185425
70,0,0,0,160.7994677012509,22.41396931127473,1056.8365120335072,-326.4016163230544
80,0,0,0,159.47805465007738,22.27708877544682,1051.373697423147,-746.810562094461
90,0,0,0,157.00743834261968,25.666384222820543,1064.6455303316375,-529.7467424108978
100,0,0,0,154.33811163645115,25.425045276518247,1059.8534927064356,-880.6543267031824
0,0,0,0,176.76235791172167,25.46960130431744,1159.2542170371787,1662.6834076801754
10,0,0,0,175.35483256625264,25.48240437459455,1146.0239300814665,1598.854327065415
20,0,0,0,170.10484725166359,25.23479444320132,1129.1658889386813,1513.6261599618085
30,0,0,0,170.07519026791934,25.52450710264461,1123.84984744079,1449.8689765842691
40,0,0,0,168.69165971375563,24.41912084089706,1099.5311821537928,1030.226985472039
50,0,0,0,166.50489083579947,23.780295009184332,1094.515382129244,756.9447241312083
60,0,0,0,162.25153114862775,25.599134027069983,1098.6025661429921,854.2875227767341
70,0,0,0,160.23277700515263,25.620401685511,1102.0322780639644,659.6241255946588
80,0,0,0,160.4569048557888,25.62002703380863,1073.6382657870943,-122.63644180492888
90,0,0,0,156.81493210931833,22.538233560789497,1055.930310722138,-1175.9275732018716
100,0,0,0,163.54490245069482,25.588830827639068,1065.3763807999294,-932.3406011344626
0,0,0,0,176.76235791172167,25.46960130431744,1159.2542170371787,1662.6834076801754
10,0,0,0,176.05434345009132,25.4758284933103,1151.3249951071334,1598.8919068385437
20,0,0,0,169.87264130227007,25.115986236779097,1124.1506982054464,1513.6187593974978
30,0,0,0,167.79629109547398,25.542509047913118,1116.7233553814813,1449.777999106253
40,0,0,0,167.91180854764355,23.724010153068356,1093.4018973105265,1123.6716535528474
50,0,0,0,169.29106523575908,25.540376259298238,1115.8673955588745,1167.9456084241676
60,0,0,0,165.03568504606494,25.57253018927398,1088.5148341207116,516.2763954149813
70,0,0,0,164.46042217131458,22.85007729952121,1073.0726753055576,-327.53776041347066
80,0,0,0,162.02767238507096,22.54612425172575,1056.6086468723029,-598.0573324110807
90,0,0,0,158.33335469409016,22.41658204115811,1060.624650286149,-867.0864475905015
100,0,0,0,156.1639564418056,25.58500815199363,1077.8121925541088,-320.1914511417662
0,0,0,0,176.76235791172167,25.46960130431744,1159.2542170371787,1662.6834076801754
10,0,0,0,175.8515596979499,25.477884827298208,1152.97058775141,1598.8804593270715
20,0,0,0,169.98566850213575,25.522324092199014,1123.2481048414438,1513.621884985052
30,0,0,0,171.41780283564455,25.519116481637983,1130.8014073381592,1449.9154875645243
40,0,0,0,166.51345721085661,23.684573959151262,1084.087237240538,902.5462858761987
50,0,0,0,164.4139769859993,23.93245004832246,1087.9286259256307,479.85840112235036
60,0,0,0,168.11299369843888,23.960236241398338,1100.7603412056299,382.5300461464495
70,0,0,0,163.69650777859542,22.76970243026895,1063.9043125718101,-191.55594335762024
80,0,0,0,159.22838681386892,25.63662941731268,1101.7290779951597,365.5441469398132
90,0,0,0,155.32776526497284,25.646484413185586,1071.8711025781683,-531.3261530239433
100,0,0,0,160.09910732800682,22.345037595206158,1058.1564363097004,-1260.3232007030103
0,0,0,0,176.76235791172167,25.46960130431744,1159.2542170371787,1662.6834076801754
10,0,0,0,174.77882965827985,25.48442659959142,1139.793030801528,1598.8346020748604
20,0,0,0,172.21008633903784,25.403974884074792,1133.1791431779707,1513.7068018518096
30,0,0,0,171.26602910362627,24.429152253438353,1115.8139727311461,1449.9273683281654
40,0,0,0,170.23164621251732,24.166731222251027,1107.9899823241735,1129.609076881124
50,0,0,0,165.56963832391642,23.47642269135351,1087.335343388319,531.9092417748013
60,0,0,0,161.1921517584905,25.610830017070022,1096.0006914608778,938.0706033622292
70,0,0,0,161.60467563104496,22.8279566861388,1069.5284174857131,-92.25853139537998
80,0,0,0,164.14467598701503,23.358218757286878,1070.439174090907,-592.2772785547756
90,0,0,0,161.40163299985082,25.62463193010665,1093.464237779715,82.92472896030696
100,0,0,0,157.95324006212638,22.91740429255929,1061.0844277295798,-1688.0399987167984
0,0,0,0,176.76235791172167,25.46960130431744,1159.2542170371787,1662.6834076801754
10,0,0,0,174.2102873827463,25.39950304977558,1137.9770758107184,1598.8049541430917
20,0,0,0,169.94421121551176,25.443388207862295,1127.4626491479116,1513.6219017812791
30,0,0,0,167.36403102857258,24.43760723908695,1111.4584081458092,1449.7697224698654
40,0,0,0,164.3258573959742,24.35837707703746,1099.1210886782042,916.5734646544934
50,0,0,0,164.40565009022987,25.577599658704088,1090.61034271311,864.8993133668579
60,0,0,0,163.2744409606351,25.585876285860703,1083.377883243986,493.8464219053954
70,0,0,0,162.8702566185253,22.693037453688085,1064.3761810326139,-209.85190240779175
80,0,0,0,159.7871066521323,25.63095060223155,1087.3552074036288,-212.77236297977245
90,0,0,0,157.23660208749962,23.443769754502583,1068.1401277929453,-1003.6512576717286
100,0,0,0,159.88704687147936,22.255814946102706,1052.8760066846753,-1131.4197552599992
0,0,0,0,176.76235791172167,25.46960130431744,1159.2542170371787,1662.6834076801754
10,0,0,0,173.8537633316498,25.48468175720417,1139.2741865111122,1598.7913746858994
20,0,0,0,172.64566706862215,25.50038821568766,1136.3755028338305,1513.7402512035446
30,0,0,0,168.49806973642092,25.535621276826248,1121.3350193556382,1449.8085166625683
40,0,0,0,168.73034545826994,23.620167835466187,1098.2796522604292,1072.771088250134
50,0,0,0,164.51520710054754,25.57706198628902,1112.6630430344496,1224.7939638327196
60,0,0,0,168.55494224160597,23.15661840674639,1078.598929875145,24.75483241242518
70,0,0,0,162.6762436820736,25.59905512149185,1083.5011387350783,522.319353977308
80,0,0,0,162.30567530796517,22.79038435490337,1061.6288704213234,-842.8167766858693
90,0,0,0,158.32402782584663,25.644665414966727,1086.98385818516,-472.7553907790305
100,0,0,0,157.97002606643986,22.295265586503906,1051.9775138611647,-1617.7223606795774
0,0,0,0,176.76235791172167,25.46960130431744,1159.2542170371787,1662.6834076801754
10,0,0,0,174.9133121264743,25.4854312954051,1148.6930355347638,1598.83422994452
20,0,0,0,171.80244399469743,24.96448194047118,1124.0641669767788,1513.7002157949955
30,0,0,0,170.7872619605618,25.519243506174224,1136.5702631140168,1449.8947307090334
40,0,0,0,167.01298670578245,24.42181894729907,1108.1809501370283,1126.4907408922843
50,0,0,0,164.04719270598468,25.577425041996474,1106.098269647931,1224.7290204549138
60,0,0,0,163.37563631507487,23.264908901617915,1077.929488386178,367.13353820894264
70,0,0,0,165.13542814220318,22.723719684376352,1070.3852464058286,-205.76043914569675
80,0,0,0,161.2173582555341,22.38639454160113,1054.525840149254,-615.2702918738689
90,0,0,0,158.14555840871267,25.65419727751099,1070.4365315777188,-528.8934767511608
100,0,0,0,157.82623494366194,22.276881487093252,1042.1174759757157,-1683.7441667626945
0,0,0,0,176.76235791172167,25.46960130431744,1159.2542170371787,1662.6834076801754
10,0,0,0,173.6441117840827,25.492707403086996,1149.4695689609946,1598.7836551808584
20,0,0,0,172.01017559547375,24.96523809163294,1121.9929240050164,1513.7002559599327
30,0,0,0,170.44729550052998,25.523021841536018,1122.6138813531697,1449.8837689874304
40,0,0,0,169.85120170234626,25.531465598116004,1126.522245437388,1364.849588157876
50,0,0,0,165.2951652441145,25.567963809383947,1090.3006804981162,849.8382988188797
60,0,0,0,163.35702205953817,25.587974700469786,1111.7989186108332,935.4123962349144
70,0,0,0,158.52623764017596,25.64043565414332,1089.5519850894464,569.6351618980268
80,0,0,0,158.19617211079614,25.646084653472016,1064.803223203333,-210.67480985700385
90,0,0,0,161.60895581625547,22.54867921441541,1064.7603198201157,-877.708510425398
100,0,0,0,154.79465159794438,25.491127707752383,1078.2676668360973,-385.47270745255156
0,0,0,0,176.76235791172167,25.46960130431744,1159.2542170371787,1662.6834076801754
10,0,0,0,176.7622462212491,25.46960230558413,1147.0041539450208,1598.9296748513389
20,0,0,0,171.30530065151106,25.5141427881347,1131.5233647317727,1513.669356968497
30,0,0,0,170.72761799865847,25.521340867876887,1122.8582169779759,1449.8872024299787
40,0,0,0,166.75825111886022,25.553448444021665,1102.4465815035076,1224.6122757987614
50,0,0,0,163.9934379840384,23.442247659826045,1075.9622019905676,462.05733692382523
60,0,0,0,160.6568966911612,25.61603412786972,1090.4858289404276,871.982963488904
70,0,0,0,158.88957412976686,23.001850502630766,1069.2234851954324,-1.9395235677171732
80,0,0,0,158.06548614412264,22.573105752636987,1063.3402495114738,-497.07050973125735
90,0,0,0,156.98880969527497,22.314887021688435,1043.2520601139095,-1016.7361779333703
100,0,0,0,157.36415768426852,25.668640881546885,1072.4552970360485,-197.7299663874156
0,0,0,0,176.76235791172167,25.46960130431744,1159.2542170371787,1662.6834076801754
10,0,0,0,174.78133299845206,25.486291085617566,1151.6351657635882,1598.8292665739164
20,0,0,0,170.27238815884064,25.52046062286869,1128.879513636128,1513.6324014450602
30,0,0,0,168.5120537966352,24.56309588692754,1102.3855342927636,1427.986459309172
40,0,0,0,168.36590541277909,24.052131727995622,1102.277176976494,1123.4587364010167
50,0,0,0,169.43533653799048,25.535888227482527,1110.1923892885006,1122.56833568902
60,0,0,0,163.58239178221467,25.587827979060478,1093.6826907222828,521.7158291085079
70,0,0,0,159.12411366295103,22.767766746333752,1064.7243316880706,-199.84089034416584
80,0,0,0,157.5189663823393,25.65333187599014,1089.659329630206,359.17520079640855
90,0,0,0,160.06996218203258,25.629287702536683,1090.9501340908294,-17.040379826673817
100,0,0,0,158.7903611411927,25.64484069720386,1057.9529132148236,-881.2000784527594
0,0,0,0,176.76235791172167,25.46960130431744,1159.2542170371787,1662.6834076801754
10,0,0,0,174.8974368818057,25.48119525100434,1141.017631923218,1598.8333674029607
20,0,0,0,172.51838503556183,25.503126095399104,1142.004104625785,1513.7266586142914
30,0,0,0,168.53969599075324,23.986386906888722,1102.682508083409,1449.8076960386834
40,0,0,0,167.54966786566948,24.413874517226354,1099.46815373781,1023.7964399727798
50,0,0,0,168.05674761339964,23.272158262271773,1091.4362194086834,676.4919902361254
60,0,0,0,165.84920981413254,25.566280083656384,1121.139741662426,925.9082055973511
70,0,0,0,167.1276331745446,25.557884728085014,1105.359320263115,531.6711424147837
80,0,0,0,164.34193044221294,25.577963532283277,1096.7506900862782,265.1795709635678
90,0,0,0,160.1273229935977,23.2730839561661,1062.2937148898657,-1003.6247691085907
100,0,0,0,162.0436200759624,25.608461867157878,1075.2124318702508,-368.2849275579588
0,0,0,0,176.76235791172167,25.46960130431744,1159.2542170371787,1662.6834076801754
10,0,0,0,174.8332361273872,25.389463074959895,1139.0751102621957,1598.831079341392
20,0,0,0,173.07602683614616,25.459961112143922,1133.6768450115885,1513.7442854887147
30,0,0,0,174.16440823782196,25.489373657896373,1136.6410578328325,1450.0565209767353
40,0,0,0,168.46063907014502,23.50735738228293,1095.642069306427,1066.0673310617094
50,0,0,0,167.1455609674745,23.144073105086047,1083.1140816669204,510.7568559957621
60,0,0,0,167.57808963157078,24.332505081167277,1096.029264060951,219.6637210807258
70,0,0,0,162.93314110157883,23.070079844513746,1079.2244725611401,-93.11563358812845
80,0,0,0,158.67820253082706,23.608747024268844,1073.0049678068085,-589.813145874241
90,0,0,0,155.7880960054485,25.64014144168915,1059.9354417551297,-540.839193221821
100,0,0,0,154.74176573753329,25.459985254048394,1062.5827152650725,-914.0691188911344
0,0,0,0,176.76235791172167,25.46960130431744,1159.2542170371787,1662.6834076801754
10,0,0,0,174.0770395313779,25.49021189715468,1146.6836402354513,1598.8012947370792
20,0,0,0,171.58158631446634,24.957304467304922,1123.3322523227996,1513.683645353777
30,0,0,0,173.2235224047811,25.497357626439836,1137.5447331984892,1450.0086924999011
40,0,0,0,172.17000850810797,25.505268309237405,1118.6424321406378,1364.9633887333343
50,0,0,0,163.91820471906598,25.578467823378435,1096.490064902197,910.3442180339673
60,0,0,0,163.146054783756,25.587439982143323,1087.116051960647,818.0602328052959
70,0,0,0,159.09260871615328,22.681647459358516,1064.0049033325995,-323.95069318177156
80,0,0,0,160.54674351396088,25.62311873926765,1085.0288593694988,263.52905464261755
90,0,0,0,158.55710259800884,22.77192970055958,1065.7691813222402,-745.2940830731162
100,0,0,0,155.47594689748195,22.07979579355053,1039.8562431659677,-1607.0801024337954
0,0,0,0,176.76235791172167,25.46960130431744,1159.2542170371787,1662.6834076801754
10,0,0,0,175.213288360068,25.4827930963343,1150.7505163859535,1598.84946244539
20,0,0,0,170.781151348398,24.858641305769346,1123.2898540300066,1513.6588097352019
30,0,0,0,168.45268795558346,24.041972166009376,1101.1326695303753,1369.5255392969518
40,0,0,0,165.45497360446274,25.56371804792886,1111.3606464591126,1364.6899704569582
50,0,0,0,167.25524672140676,25.552237609392105,1102.4992314170836,918.9359138476758
60,0,0,0,165.73742049000592,25.56554350842658,1102.315039204579,869.113801037537
70,0,0,0,158.86163707534044,22.835436445365485,1070.6107256226608,-102.2628469436729
80,0,0,0,161.39087337550475,22.263537285585958,1052.04103502295,-812.9098048592557
90,0,0,0,159.55234646214285,22.33894709201654,1046.0446306643526,-1256.9671587217936
100,0,0,0,159.0169444210385,21.88343556306077,1039.468137613974,-1587.6781520081067
0,0,0,0,176.76235791172167,25.46960130431744,1159.2542170371787,1662.6834076801754
10,0,0,0,174.13910446322865,25.48955871250563,1147.4316248961472,1598.8035836157057
20,0,0,0,170.7660227694494,24.812634518972306,1121.1234029533937,1513.6563003870344
30,0,0,0,171.13834272090884,24.913934995560332,1120.7752726527244,1342.7198187044423
40,0,0,0,171.94009095091548,25.515386654699505,1128.0697047972371,1364.9361852388447
50,0,0,0,168.42900923069752,25.54684916583318,1112.9223233325931,1132.7981168823644
60,0,0,0,161.33205259840264,25.610655398632698,1098.4927414979754,832.8119916354674
70,0,0,0,165.67035791921913,23.096199283577626,1082.1240266301133,-101.92207332587705
80,0,0,0,157.2717722637362,22.289697100617467,1049.1377800742407,-604.6336996874528
90,0,0,0,157.2367883489991,25.661548246332224,1094.7184773838785,-68.94077077694048
100,0,0,0,158.94226577449817,22.148983521856774,1047.5702571335848,-1591.6565141607252
